"";"unlist(str_split(result2[, 1], "", ""))"
"1";"Annexe"
"2";"A N N E X E"
"3";"Zone A"
"4";"01 - Ain"
"5";"Cessy"
"6";"Challex"
"7";"Chevry"
"8";"Collonges"
"9";"Crozet"
"10";"Divonne-les-Bains"
"11";"Echenevex"
"12";"Farges"
"13";"Ferney-Voltaire"
"14";"Gex"
"15";"Grilly"
"16";"Léaz"
"17";"Ornex"
"18";"Péron"
"19";"Pougny"
"20";"Prévessin-Moëns"
"21";"Saint-Genis-Pouilly"
"22";"Saint-Jean-de-Gonville"
"23";"Sauverny"
"24";"Ségny"
"25";"Sergy"
"26";"Thoiry"
"27";"Versonnex"
"28";"Vesancy."
"29";"06 - Alpes-Maritimes"
"30";"Antibes"
"31";"Aspremont"
"32";"Auribeau-sur-Siagne"
"33";"Beaulieu-sur-Mer"
"34";"Beausoleil"
"35";"Berre-des-Alpes"
"36";"Biot"
"37";"Cabris"
"38";"Cagnes-sur-Mer"
"39";"Cannes"
"40";"Cantaron"
"41";"Cap-d'Ail"
"42";"Carros"
"43";"Castagniers"
"44";"Castellar"
"45";"Châteauneuf-Grasse"
"46";"Châteauneuf-Villevieille"
"47";"Colomars"
"48";"Contes"
"49";"Drap"
"50";"Eze"
"51";"Falicon"
"52";"Gattières"
"53";"Gorbio"
"54";"Grasse"
"55";"La Colle-sur-Loup"
"56";"La Gaude"
"57";"La Roquette-sur-Siagne"
"58";"La Trinité"
"59";"La Turbie"
"60";"Le Bar-sur-Loup"
"61";"Le Cannet"
"62";"Le Rouret"
"63";"Le Tignet"
"64";"Mandelieu-la-Napoule"
"65";"Menton"
"66";"Mouans-Sartoux"
"67";"Mougins"
"68";"Nice"
"69";"Opio"
"70";"Pégomas"
"71";"Peymeinade"
"72";"Roquebrune-Cap-Martin"
"73";"Roquefort-les-Pins"
"74";"Saint-André"
"75";"Sainte-Agnès"
"76";"Saint-Jean-Cap-Ferrat"
"77";"Saint-Jeannet"
"78";"Saint-Laurent-du-Var"
"79";"Saint-Paul"
"80";"Spéracèdes"
"81";"Théoule-sur-Mer"
"82";"Tourrette-Levens"
"83";"Tourrettes-sur-Loup"
"84";"Valbonne"
"85";"Vallauris"
"86";"Vence"
"87";"Villefranche-sur-Mer"
"88";"Villeneuve-Loubet."
"89";"74 - Haute-Savoie"
"90";"Allinges"
"91";"Allonzier-la-Caille"
"92";"Ambilly"
"93";"Andilly"
"94";"Annemasse"
"95";"Anthy-sur-Léman"
"96";"Arbusigny"
"97";"Archamps"
"98";"Arthaz-Pont-Notre-Dame"
"99";"Beaumont"
"100";"Bonne"
"101";"Bossey"
"102";"Cercier"
"103";"Cernex"
"104";"Chênex"
"105";"Chens-sur-Léman"
"106";"Chevrier"
"107";"Collonges-sous-Salève"
"108";"Contamine-sur-Arve"
"109";"Copponex"
"110";"Cranves-Sales"
"111";"Cruseilles"
"112";"Cuvat"
"113";"Dingy-en-Vuache"
"114";"Douvaine"
"115";"Etrembières"
"116";"Evian-les-Bains"
"117";"Excenevex"
"118";"Feigères"
"119";"Fillinges"
"120";"Gaillard"
"121";"Jonzier-Epagny"
"122";"Juvigny"
"123";"La Muraz"
"124";"Le Sappey"
"125";"Loisin"
"126";"Lucinges"
"127";"Lugrin"
"128";"Machilly"
"129";"Marcellaz"
"130";"Margencel"
"131";"Marin"
"132";"Massongy"
"133";"Maxilly-sur-Léman"
"134";"Menthonnex-en-Bornes"
"135";"Messery"
"136";"Monnetier-Mornex"
"137";"Nangy"
"138";"Nernier"
"139";"Neuvecelle"
"140";"Neydens"
"141";"Pers-Jussy"
"142";"Présilly"
"143";"Publier"
"144";"Reignier"
"145";"Saint-Blaise"
"146";"Saint-Cergues"
"147";"Saint-Julien-en-Genevois"
"148";"Savigny"
"149";"Scientrier"
"150";"Sciez"
"151";"Thonon-les-Bains"
"152";"Valleiry"
"153";"Veigy-Foncenex"
"154";"Vers"
"155";"Vétraz-Monthoux"
"156";"Ville-la-Grand"
"157";"Villy-le-Bouveret"
"158";"Villy-le-Pelloux"
"159";"Viry"
"160";"Vovray-en-Bornes"
"161";"Vulbens"
"162";"Yvoire."
"163";"75 - Paris"
"164";"Paris."
"165";"77 - Seine-et-Marne"
"166";"Bailly-Romainvilliers"
"167";"Boissettes"
"168";"Boissise-la-Bertrand"
"169";"Boissise-le-Roi"
"170";"Brou-sur-Chantereine"
"171";"Bussy-Saint-Georges"
"172";"Bussy-Saint-Martin"
"173";"Carnetin"
"174";"Cesson"
"175";"Chalifert"
"176";"Champs-sur-Marne"
"177";"Chanteloup-en-Chelles"
"178";"Chessy"
"179";"Collégien"
"180";"Combs-la-Ville"
"181";"Conches-sur-Gondoire"
"182";"Coupvray"
"183";"Courtry"
"184";"Croissy-Beaubourg"
"185";"Dammarie-les-Lys"
"186";"Dampmart"
"187";"Emerainville"
"188";"Ferrières-en-Brie"
"189";"Gouvernes"
"190";"Guermantes"
"191";"Jossigny"
"192";"La Rochette"
"193";"Lagny-sur-Marne"
"194";"Le Mée-sur-Seine"
"195";"Lésigny"
"196";"Lieusaint"
"197";"Livry-sur-Seine"
"198";"Lognes"
"199";"Magny-le-Hongre"
"200";"Melun"
"201";"Mitry-Mory"
"202";"Moissy-Cramayel"
"203";"Montévrain"
"204";"Nandy"
"205";"Noisiel"
"206";"Pomponne"
"207";"Pontault-Combault"
"208";"Pringy"
"209";"Réau"
"210";"Roissy-en-Brie"
"211";"Rubelles"
"212";"Saint-Fargeau-Ponthierry"
"213";"Saint-Thibault-des-Vignes"
"214";"Savigny-le-Temple"
"215";"Seine-Port"
"216";"Serris"
"217";"Servon"
"218";"Thorigny-sur-Marne"
"219";"Torcy"
"220";"Vaires-sur-Marne"
"221";"Vaux-le-Pénil"
"222";"Vert-Saint-Denis"
"223";"Villeparisis."
"224";"78 - Yvelines"
"225";"Achères"
"226";"Aigremont. Andrésy"
"227";"Bazoches-sur-Guyonne"
"228";"Bois-d'Arcy"
"229";"Bougival"
"230";"Buc"
"231";"Buchelay"
"232";"Carrières-sous-Poissy"
"233";"Carrières-sur-Seine"
"234";"Chambourcy"
"235";"Chanteloup-les-Vignes"
"236";"Chapet"
"237";"Châteaufort"
"238";"Chatou"
"239";"Chevreuse"
"240";"Coignières"
"241";"Conflans-Sainte-Honorine"
"242";"Croissy-sur-Seine"
"243";"Elancourt"
"244";"Evecquemont. Follainville-Dennemont"
"245";"Fontenay-le-Fleury"
"246";"Fourqueux"
"247";"Gaillon-sur-Montcient"
"248";"Gargenville"
"249";"Guyancourt"
"250";"Hardricourt"
"251";"Houilles"
"252";"Issou"
"253";"Jouars-Pontchartrain"
"254";"Jouy-en-Josas"
"255";"Juziers"
"256";"La Celle-Saint-Cloud"
"257";"La Verrière"
"258";"Le Chesnay"
"259";"Le Mesnil-le-Roi"
"260";"Le Mesnil-Saint-Denis"
"261";"Le Pecq"
"262";"Le Port-Marly"
"263";"Le Tremblay-sur-Mauldre"
"264";"Le Vésinet"
"265";"Les Claves-sous-Bois"
"266";"Les Loges-en-Josas"
"267";"Les Mureaux"
"268";"L'Etang-la-Ville"
"269";"Limay"
"270";"Louveciennes"
"271";"Magnanville"
"272";"Magny-les-Hameaux"
"273";"Maisons-Lafitte"
"274";"Mantes-la-Jolie"
"275";"Mantes-la-Ville"
"276";"Mareil-Marly"
"277";"Marly-le-Roi"
"278";"Maurecourt"
"279";"Maurepas"
"280";"Médan"
"281";"Meulan"
"282";"Mézy-sur-Seine"
"283";"Montesson"
"284";"Montigny-le-Bretonneux"
"285";"Neauphle-le-Château"
"286";"Neauphle-le-Vieux"
"287";"Orgeval"
"288";"Plaisir"
"289";"Poissy"
"290";"Porcheville"
"291";"Rocquencourt"
"292";"Saint-Cyr-l'Ecole"
"293";"Saint-Germain-de-la-Grange"
"294";"Saint-Germain-en-Laye"
"295";"Saint-Rémy-lès-Chevreuse"
"296";"Saint-Rémy-l'Honoré"
"297";"Sartrouville"
"298";"Toussus-le-Noble"
"299";"Trappes"
"300";"Triel-sur-Seine"
"301";"Vaux-sur-Seine"
"302";"Vélizy-Villacoublay"
"303";"Verneuil-sur-Seine"
"304";"Vernouillet"
"305";"Versailles"
"306";"Villennes-sur-Seine"
"307";"Villepreux"
"308";"Villiers-Saint-Fréderic"
"309";"Viroflay"
"310";"Voisins-le-Bretonneux."
"311";"83 - Var"
"312";"Bormes-les-Mimosas"
"313";"Cavalaire-sur-Mer"
"314";"Cogolin"
"315";"Fréjus"
"316";"Gassin"
"317";"Grimaud"
"318";"Hyères"
"319";"La Croix-Valmer"
"320";"La Garde-Freinet"
"321";"La Londe-les-Maures"
"322";"La Môle"
"323";"Le Lavandou"
"324";"Plan-de-la-Tour"
"325";"Puget-sur-Argens"
"326";"Ramatuelle"
"327";"Rayol-Canadel-sur-Mer"
"328";"Roquebrune-sur-Argens"
"329";"Sainte-Maxime"
"330";"Saint-Raphaël"
"331";"Saint-Tropez."
"332";"91 - Essonne"
"333";"Arpajon"
"334";"Athis-Mons"
"335";"Ballainvilliers"
"336";"Bièvres"
"337";"Boissy-sous-Saint-Yon"
"338";"Bondoufle"
"339";"Boussy-Saint-Antoine"
"340";"Brétigny-sur-Orge"
"341";"Breuillet"
"342";"Breux-Jouy"
"343";"Brunoy"
"344";"Bruyères-le-Châtel"
"345";"Bures-sur-Yvette"
"346";"Champlan"
"347";"Chilly-Mazarin"
"348";"Corbeil-Essonnes"
"349";"Courcouronnes"
"350";"Crosne"
"351";"Draveil"
"352";"Egly"
"353";"Epinay-sous-Sénart"
"354";"Epinay-sur-Orge"
"355";"Etiolles"
"356";"Evry"
"357";"Fleury-Mérogis"
"358";"Fontenay-le-Vicomte"
"359";"Gif-sur-Yvette"
"360";"Gometz-le-Châtel"
"361";"Grigny"
"362";"Igny"
"363";"Juvisy-sur-Orge"
"364";"La Norville"
"365";"La Ville-du-Bois"
"366";"Le Coudray-Montceaux"
"367";"Le Plessis-Pâté"
"368";"Les Ulis"
"369";"Leuville-sur-Orge"
"370";"Linas"
"371";"Lisses"
"372";"Longjumeau"
"373";"Longpont-sur-Orge"
"374";"Marcoussis"
"375";"Massy"
"376";"Mennecy"
"377";"Montgeron"
"378";"Montlhéry"
"379";"Morangis"
"380";"Morsang-sur-Orge"
"381";"Morsang-sur-Seine"
"382";"Nozay"
"383";"Ollainville"
"384";"Ormoy"
"385";"Orsay"
"386";"Palaiseau"
"387";"Paray-Vieille-Poste"
"388";"Quincy-sous-Sénart"
"389";"Ris-Orangis"
"390";"Saclay"
"391";"Saint-Aubin"
"392";"Sainte-Geneviève-des-Bois"
"393";"Saint-Germain-lès-Arpajon"
"394";"Saint-Germain-lès-Corbeil"
"395";"Saint-Michel-sur-Orge"
"396";"Saint-Pierre-du-Perray"
"397";"Saintry-sur-Seine"
"398";"Saint-Yon"
"399";"Saulx-les-Chartreux"
"400";"Savigny-sur-Orge"
"401";"Soisy-sur-Seine"
"402";"Tigery"
"403";"Varennes-Jarcy"
"404";"Vauhallan"
"405";"Verrières-le-Buisson"
"406";"Vigneux-sur-Seine"
"407";"Villabé"
"408";"Villebon-sur-Yvette"
"409";"Villejust"
"410";"Villemoisson-sur-Orge"
"411";"Villiers-le-Bâcle"
"412";"Villiers-sur-Orge"
"413";"Viry-Châtillon"
"414";"Vissous"
"415";"Yerres."
"416";"92 - Hauts-de-Seine"
"417";"Antony"
"418";"Asnières-sur-Seine"
"419";"Bagneux"
"420";"Bois-Colombes"
"421";"Boulogne-Billancourt"
"422";"Bourg-la-Reine"
"423";"Châtenay-Malabry"
"424";"Châtillon"
"425";"Chaville"
"426";"Clamart"
"427";"Clichy"
"428";"Colombes"
"429";"Courbevoie"
"430";"Fontenay-aux-Roses"
"431";"Garches"
"432";"Gennevilliers"
"433";"Issy-les-Moulineaux"
"434";"La Garenne-Colombes"
"435";"Le Plessis-Robinson"
"436";"Levallois-Perret"
"437";"Malakoff"
"438";"Marnes-la-Coquette"
"439";"Meudon"
"440";"Montrouge"
"441";"Nanterre"
"442";"Neuilly-sur-Seine"
"443";"Puteaux"
"444";"Rueil-Malmaison"
"445";"Saint-Cloud"
"446";"Sceaux"
"447";"Sèvres"
"448";"Suresnes"
"449";"Vanves"
"450";"Vaucresson"
"451";"Ville-d'Avray"
"452";"Villeneuve-la-Garenne."
"453";"93 - Seine-Saint-Denis"
"454";"Aubervilliers"
"455";"Aulnay-sous-Bois"
"456";"Bagnolet"
"457";"Bobigny"
"458";"Bondy"
"459";"Clichy-sous-Bois"
"460";"Coubron"
"461";"Drancy"
"462";"Dugny"
"463";"Epinay-sur-Seine"
"464";"Gagny"
"465";"Gournay-sur-Marne"
"466";"La Courneuve"
"467";"Le Blanc-Mesnil"
"468";"Le Bourget"
"469";"Le Pré-Saint-Gervais"
"470";"Le Raincy"
"471";"Les Lilas"
"472";"Les Pavillons-sous-Bois"
"473";"L'Ile-Saint-Denis"
"474";"Livry-Gargan"
"475";"Montfermeil"
"476";"Montreuil"
"477";"Neuilly-Plaisance"
"478";"Neuilly-sur-Marne"
"479";"Noisy-le-Grand"
"480";"Noisy-le-Sec"
"481";"Pantin"
"482";"Pierrefitte-sur-Seine"
"483";"Romainville"
"484";"Rosny-sous-Bois"
"485";"Saint-Denis"
"486";"Saint-Ouen"
"487";"Sevran"
"488";"Stains"
"489";"Tremblay-en-France"
"490";"Vaujours"
"491";"Villemomble"
"492";"Villepinte"
"493";"Villetaneuse."
"494";"94 - Val-de-Marne"
"495";"Ablon-sur-Seine"
"496";"Alfortville"
"497";"Arcueil"
"498";"Boissy-Saint-Léger"
"499";"Bonneuil-sur-Marne"
"500";"Bry-sur-Marne"
"501";"Cachan"
"502";"Champigny-sur-Marne"
"503";"Charenton-le-Pont"
"504";"Chennevières-sur-Marne"
"505";"Chevilly-Larue"
"506";"Choisy-le-Roi"
"507";"Créteil"
"508";"Fontenay-sous-Bois"
"509";"Fresnes"
"510";"Gentilly"
"511";"Ivry-sur-Seine"
"512";"Joinville-le-Pont"
"513";"La Queue-en-Brie"
"514";"Le Kremlin-Bicêtre"
"515";"Le Perreux-sur-Marne"
"516";"Le Plessis-Trévise"
"517";"L'Hay-les-Roses"
"518";"Limeil-Brévannes"
"519";"Maisons-Alfort"
"520";"Mandres-les-Roses"
"521";"Marolles-en-Brie"
"522";"Nogent-sur-Marne"
"523";"Noiseau"
"524";"Orly"
"525";"Ormesson-sur-Marne"
"526";"Périgny"
"527";"Rungis"
"528";"Saint-Mandé"
"529";"Saint-Maur-des-Fossés"
"530";"Saint-Maurice"
"531";"Santeny"
"532";"Sucy-en-Brie"
"533";"Thiais"
"534";"Valenton"
"535";"Villecresnes"
"536";"Villejuif"
"537";"Villeneuve-le-Roi"
"538";"Villeneuve-Saint-Georges"
"539";"Villiers-sur-Marne"
"540";"Vincennes"
"541";"Vitry-sur-Seine."
"542";"95 - Val-d'Oise"
"543";"Andilly"
"544";"Argenteuil"
"545";"Arnouville-lès-Gonesse"
"546";"Auvers-sur-Oise"
"547";"Beauchamp"
"548";"Bessancourt"
"549";"Bezons"
"550";"Boisemont"
"551";"Bonneuil-en-France"
"552";"Bouffémont"
"553";"Butry-sur-Oise"
"554";"Cergy"
"555";"Champagne-sur-Oise"
"556";"Cormeilles-en-Parisis"
"557";"Courdimanche"
"558";"Deuil-la-Barre"
"559";"Domont"
"560";"Eaubonne"
"561";"Ecouen"
"562";"Enghien-les-Bains"
"563";"Eragny"
"564";"Ermont"
"565";"Ezanville"
"566";"Franconville"
"567";"Frépillon"
"568";"Garges-lès-Gonesse"
"569";"Gonesse"
"570";"Groslay"
"571";"Herblay"
"572";"Jouy-le-Moutier"
"573";"La Frette-sur-Seine"
"574";"Le Plessis-Bouchard"
"575";"L'Isle-Adam"
"576";"Margency"
"577";"Menucourt"
"578";"Mériel"
"579";"Méry-sur-Oise"
"580";"Montigny-lès-Cormeilles"
"581";"Montlignon"
"582";"Montmagny"
"583";"Montmorency"
"584";"Nesles-la-Vallée"
"585";"Neuville-sur-Oise"
"586";"Osny"
"587";"Parmain"
"588";"Pierrelaye"
"589";"Piscop"
"590";"Pontoise"
"591";"Puiseux-Pontoise"
"592";"Roissy-en-France"
"593";"Saint-Brice-sous-Forêt"
"594";"Saint-Gratien"
"595";"Saint-Leu-la-Forêt"
"596";"Saint-Ouen-l'Aumône"
"597";"Saint-Prix"
"598";"Sannois"
"599";"Sarcelles"
"600";"Soisy-sous-Montmorency"
"601";"Taverny"
"602";"Valmondois"
"603";"Vauréal"
"604";"Villiers-Adam"
"605";"Villiers-le-Bel."
"606";"Zone B"
"607";"01 - Ain"
"608";"Beauregard"
"609";"Bellegarde-sur-Valserine"
"610";"Beynost"
"611";"Bourg-en-Bresse"
"612";"Chézery-Forens"
"613";"Confort"
"614";"Dagneux"
"615";"Frans"
"616";"Jassans-Riottier"
"617";"La Boisse"
"618";"Lancrans"
"619";"Lélex"
"620";"Massieux"
"621";"Mijoux"
"622";"Miribel"
"623";"Misérieux"
"624";"Montluel"
"625";"Neyron"
"626";"Parcieux"
"627";"Péronnas"
"628";"Reyrieux"
"629";"Saint-Bernard"
"630";"Saint-Denis-lès-Bourg"
"631";"Saint-Didier-de-Formans"
"632";"Sainte-Euphémie"
"633";"Saint-Just"
"634";"Saint-Maurice-de-Beynost"
"635";"Toussieux"
"636";"Trévoux"
"637";"Viriat."
"638";"02 - Aisne"
"639";"Bézu-le-Guéry"
"640";"Brumetz"
"641";"Bussiares"
"642";"Chézy-en-Orxois"
"643";"Coupru"
"644";"Courchamps"
"645";"Coyolles"
"646";"Crouttes-sur-Marne"
"647";"Dallon"
"648";"Dammard"
"649";"Domptin"
"650";"Favet"
"651";"Gandelu"
"652";"Gauchy"
"653";"Grugies"
"654";"Harly"
"655";"Hautevesnes"
"656";"La Celle-sous-Montmirail"
"657";"Largny-sur-Automne"
"658";"Marigny-en-Orxois"
"659";"Monnes"
"660";"Montigny-l'Allier"
"661";"Montreuil-aux-Lions"
"662";"Neuville-Saint-Amand"
"663";"Passy-en-Valois"
"664";"Pavant"
"665";"Priez"
"666";"Saint-Gengoulph"
"667";"Saint-Quentin"
"668";"Veuilly-la-Poterie"
"669";"Viels-Maisons."
"670";"2A - Corse-du-Sud"
"671";"L'ensemble des communes du département."
"672";"2B - Haute-Corse"
"673";"L'ensemble des communes du département."
"674";"03 - Allier"
"675";"Abrest"
"676";"Bellerive-sur-Allier"
"677";"Creuzier-le-Neuf"
"678";"Creuzier-le-Vieux"
"679";"Cusset"
"680";"Désertines"
"681";"Domérat"
"682";"Hauterive"
"683";"Lavault-Sainte-Anne"
"684";"Le Vernet"
"685";"Montluçon"
"686";"Prémilhat"
"687";"Quinssaines"
"688";"Saint-Victor"
"689";"Saint-Yorre"
"690";"Serbannes"
"691";"Vichy."
"692";"06 - Alpes-Maritimes"
"693";"Bendejun"
"694";"Bézaudun-les-Alpes"
"695";"Blausasc"
"696";"Bonson"
"697";"Castillon"
"698";"Caussols"
"699";"Coaraze"
"700";"Courmes"
"701";"Coursegoules"
"702";"Duranus"
"703";"Gilette"
"704";"Gourdon"
"705";"La Roquette-sur-Var"
"706";"Le Broc"
"707";"L'Escarène"
"708";"Levens"
"709";"Lucéram"
"710";"Moulinet"
"711";"Peille"
"712";"Peillon"
"713";"Saint-Blaise"
"714";"Saint-Cézaire-sur-Siagne"
"715";"Saint-Martin-du-Var"
"716";"Saint-Vallier-de-Thiey"
"717";"Sospel"
"718";"Touët-de-l'Escarène."
"719";"07 - Ardèche"
"720";"Cornas"
"721";"Guilherand-Granges"
"722";"Saint-Péray"
"723";"Soyons."
"724";"08 - Ardennes"
"725";"Charleville-Mézières"
"726";"La Francheville"
"727";"Les Ayvelles"
"728";"Montcy-Notre-Dame"
"729";"Prix-lès-Mézières"
"730";"Villers-Semeuse"
"731";"Warcq."
"732";"10 - Aube"
"733";"Barberey-Saint-Sulpice"
"734";"Bréviandes"
"735";"Buchères"
"736";"Creney-près-Troyes"
"737";"La Chapelle-Saint-Luc"
"738";"La Rivière-de-Corps"
"739";"Lavau"
"740";"Les Noës-près-Troyes"
"741";"Pont-Sainte-Marie"
"742";"Rosières-près-Troyes"
"743";"Saint-André-les-Vergers"
"744";"Sainte-Maure"
"745";"Sainte-Savine"
"746";"Saint-Germain"
"747";"Saint-Julien-les-Villas"
"748";"Saint-Parres-aux-Tertres"
"749";"Troyes."
"750";"11 - Aude"
"751";"Armissan"
"752";"Bages"
"753";"Fleury"
"754";"Gruissan"
"755";"Leucate"
"756";"Narbonne"
"757";"Peyriac-de-Mer"
"758";"Port-la-Nouvelle"
"759";"Salles-d'Aude"
"760";"Sigean"
"761";"Vinassan."
"762";"13 - Bouches-du-Rhône"
"763";"Aix-en-Provence"
"764";"Allauch"
"765";"Arles"
"766";"Aubagne"
"767";"Auriol"
"768";"Barbentane"
"769";"Berre-l'Etang"
"770";"Bouc-Bel-Air"
"771";"Cabriès"
"772";"Cadolive"
"773";"Carnoux-en-Provence"
"774";"Carry-le-Rouet"
"775";"Cassis"
"776";"Ceyreste"
"777";"Châteauneuf-les-Martigues"
"778";"Châteaurenard"
"779";"Cornillon-Confoux"
"780";"Coudoux"
"781";"Eguilles"
"782";"Ensuès-la-Redonne"
"783";"Eyragues"
"784";"Fos-sur-Mer"
"785";"Fuveau"
"786";"Gardanne"
"787";"Gémenos"
"788";"Gignac-la-Nerthe"
"789";"Grans"
"790";"Gréasque"
"791";"Istres"
"792";"La Barben"
"793";"La Bouilladisse"
"794";"La Ciotat"
"795";"La Destrousse"
"796";"La Fare-les-Oliviers"
"797";"La Penne-sur-Huveaune"
"798";"Lançon-Provence"
"799";"Le Rove"
"800";"Le Tholonet"
"801";"Les Pennes-Mirabeau"
"802";"Marignane"
"803";"Marseille"
"804";"Martigues"
"805";"Meyreuil"
"806";"Mimet"
"807";"Miramas"
"808";"Pélissanne"
"809";"Peypin"
"810";"Plan-de-Cuques"
"811";"Port-de-Bouc"
"812";"Port-Saint-Louis-du-Rhône"
"813";"Rognac"
"814";"Rognonas"
"815";"Roquefort-la-Bédoule"
"816";"Roquevaire"
"817";"Saint-Chamas"
"818";"Saintes-Maries-de-la-Mer"
"819";"Saint-Marc-Jaumegarde"
"820";"Saint-Martin-de-Crau"
"821";"Saint-Mitre-les-Remparts"
"822";"Saint-Savournin"
"823";"Saint-Victoret"
"824";"Salon-de-Provence"
"825";"Sausset-les-Pins"
"826";"Septèmes-les-Vallons"
"827";"Simiane-Collongue"
"828";"Velaux"
"829";"Venelles"
"830";"Ventabren"
"831";"Vitrolles."
"832";"14 - Calvados"
"833";"Ablon"
"834";"Authie"
"835";"Baron-sur-Odon"
"836";"Benerville-sur-Mer"
"837";"Bénouville"
"838";"Bernières-sur-Mer"
"839";"Biéville-Beuville"
"840";"Blainville-sur-Orne"
"841";"Blonville-sur-Mer"
"842";"Bonneville-sur-Touques"
"843";"Bretteville-sur-Odon"
"844";"Caen"
"845";"Cambes-en-Plaine"
"846";"Canapville"
"847";"Carpiquet"
"848";"Colleville-Montgomery"
"849";"Colombelles"
"850";"Cormelles-le-Royal"
"851";"Cresserons"
"852";"Cuverville"
"853";"Deauville"
"854";"Démouville"
"855";"Douvres-la-Délivrande"
"856";"Epron"
"857";"Equemauville"
"858";"Eterville"
"859";"Fleury-sur-Orne"
"860";"Fontaine-Etoupefour"
"861";"Giberville"
"862";"Gonneville-sur-Honfleur"
"863";"Hermanville-sur-Mer"
"864";"Hérouville-Saint-Clair"
"865";"Honfleur"
"866";"Ifs"
"867";"La Rivière-Saint-Sauveur"
"868";"Langrune-sur-Mer"
"869";"Lion-sur-Mer"
"870";"Louvigny"
"871";"Luc-sur-Mer"
"872";"Mathieu"
"873";"Mondeville"
"874";"Ouistreham"
"875";"Périers-sur-le-Dan"
"876";"Plumetot"
"877";"Rots"
"878";"Saint-Arnoult"
"879";"Saint-Aubin-d'Arquenay"
"880";"Saint-Aubin-sur-Mer"
"881";"Saint-Contest"
"882";"Saint-Germain-la-Blanche-Herbe"
"883";"Touques"
"884";"Tourgéville"
"885";"Trouville-sur-Mer"
"886";"Verson"
"887";"Villers-sur-Mer"
"888";"Villerville"
"889";"Villons-les-Buissons."
"890";"16 - Charente"
"891";"Angoulême"
"892";"Fléac"
"893";"Gond-Pontouvre"
"894";"La Couronne"
"895";"Linars"
"896";"l'Isle-d'Espagnac"
"897";"Magnac-sur-Touvre"
"898";"Mornac"
"899";"Nersac"
"900";"Puymoyen"
"901";"Ruelle-sur-Touvre"
"902";"Saint-Michel"
"903";"Saint-Yrieix-sur-Charente"
"904";"Soyaux"
"905";"Touvre"
"906";"Trois-Palis."
"907";"17 - Charente-Maritime"
"908";"Angoulins"
"909";"Arces-sur-Gironde"
"910";"Ars-en-Ré"
"911";"Arvert"
"912";"Aytré"
"913";"Barzan"
"914";"Boutenac-Touvent"
"915";"Breuillet"
"916";"Brie-sous-Mortagne"
"917";"Chaillevette"
"918";"Châtelaillon-Plage"
"919";"Chenac-Saint-Seurin-d'Uzet"
"920";"Cozes"
"921";"Dolus-d'Oléron"
"922";"Epargnes"
"923";"Etaules"
"924";"Floirac"
"925";"Fouras"
"926";"Grézac"
"927";"Ile-d'Aix"
"928";"La Brée-les-Bains"
"929";"La Couarde-sur-Mer"
"930";"La Flotte"
"931";"La Rochelle"
"932";"La Tremblade"
"933";"Lagord"
"934";"Le Bois-Plage-en-Ré"
"935";"Le Château-d'Oléron"
"936";"Le Chay"
"937";"Le Grand-Village-Plage"
"938";"L'Eguille"
"939";"Les Mathes"
"940";"Les Portes-en-Ré"
"941";"L'Houmeau"
"942";"Loix"
"943";"Médis"
"944";"Meschers-sur-Gironde"
"945";"Mornac-sur-Seudre"
"946";"Mortagne-sur-Gironde"
"947";"Nieul-sur-Mer"
"948";"Périgny"
"949";"Puilboreau"
"950";"Rivedoux-Plage"
"951";"Royan"
"952";"Saint-Augustin"
"953";"Saint-Clément-des-Baleines. Saint-Denis-d'Oléron"
"954";"Sainte-Marie-de-Ré"
"955";"Saint-Georges-de-Didonne"
"956";"Saint-Georges-d'Oléron"
"957";"Saint-Martin-de-Ré"
"958";"Saint-Palais-sur-Mer"
"959";"Saint-Pierre-d'Oléron"
"960";"Saint-Romain-sur-Gironde"
"961";"Saint-Sulpice-de-Royan"
"962";"Saint-Trojan-les-Bains"
"963";"Saujon"
"964";"Semussac"
"965";"Talmont-sur-Gironde"
"966";"Vaux-sur-Mer"
"967";"Yves."
"968";"18 - Cher"
"969";"Bourges"
"970";"Fussy"
"971";"Saint-Doulchard"
"972";"Saint-Germain-du-Puy"
"973";"Trouy."
"974";"19 - Corrèze"
"975";"Brive-la-Gaillarde"
"976";"Larche"
"977";"Malemort-sur-Corrèze"
"978";"Saint-Pantaléon-de-Larche"
"979";"Ussac."
"980";"21 - Côte-d'Or"
"981";"Chenôve"
"982";"Chevigny-Saint-Sauveur"
"983";"Daix"
"984";"Dijon"
"985";"Fontaine-lès-Dijon"
"986";"Longvic"
"987";"Marsannay-la-Côte"
"988";"Neuilly-lès-Dijon. Ouges"
"989";"Perrigny-lès-Dijon"
"990";"Plombières-lès-Dijon"
"991";"Quetigny"
"992";"Saint-Apollinaire. Sennecey-lès-Dijon"
"993";"Talant."
"994";"22 - Côte-d'Armor"
"995";"Ile-de-Bréhat"
"996";"Kermaria-Sulard"
"997";"Lancieux"
"998";"Langueux. Lannion"
"999";"Louannec"
"1000";"Penvénan"
"1001";"Perros-Guirec"
"1002";"Plérin"
"1003";"Pleumeur-Bodou"
"1004";"Ploubalay"
"1005";"Ploubezre"
"1006";"Ploufragan"
"1007";"Ploulec'h"
"1008";"Saint-Brieuc"
"1009";"Saint-Quay-Perros"
"1010";"Trébeurden"
"1011";"Trégastel"
"1012";"Trégueux"
"1013";"Trélévern"
"1014";"Trévou-Tréguignec"
"1015";"Yffiniac."
"1016";"24 - Dordogne"
"1017";"Bassilac"
"1018";"Bergerac"
"1019";"Boulazac"
"1020";"Champcevinel"
"1021";"Chancelade"
"1022";"Coulounieix-Charniers"
"1023";"Cours-de-Pile"
"1024";"Creysse"
"1025";"Gardonne"
"1026";"Ginestet"
"1027";"La Feuillade"
"1028";"La Force"
"1029";"Lamonzie-Saint-Martin"
"1030";"Lembras"
"1031";"Marsac-sur-l'Isle"
"1032";"Mouleydier"
"1033";"Notre-Dame-de-Sanilhac"
"1034";"Pazayac"
"1035";"Périgueux"
"1036";"Port-Sainte-Foy-et-Ponchapt"
"1037";"Prigonrieux"
"1038";"Saint-Antoine-de-Breuilh"
"1039";"Saint-Germain-et-Mons"
"1040";"Saint-Laurent-des-Vignes"
"1041";"Saint-Nexans"
"1042";"Saint-Pierre-d'Eyraud"
"1043";"Saint-Sauveur"
"1044";"Trélissac."
"1045";"25 - Doubs"
"1046";"Arbouans"
"1047";"Audincourt"
"1048";"Avanne-Aveney"
"1049";"Bart"
"1050";"Bavans"
"1051";"Besançon"
"1052";"Bethoncourt"
"1053";"Beure"
"1054";"Chalèze"
"1055";"Chalezeule"
"1056";"Châtillon-le-Duc"
"1057";"Courcelles-lès-Montbéliard"
"1058";"Devecey"
"1059";"Ecole-Valentin"
"1060";"Etupes"
"1061";"Exincourt"
"1062";"Grand-Charmont"
"1063";"Hérimoncourt"
"1064";"Mandeure"
"1065";"Mathay"
"1066";"Miserey-Salines"
"1067";"Montbéliard"
"1068";"Nommay"
"1069";"Pirey"
"1070";"Sainte-Suzanne"
"1071";"Seloncourt"
"1072";"Sochaux"
"1073";"Taillecourt"
"1074";"Thise"
"1075";"Valentigney"
"1076";"Vieux-Charmont"
"1077";"Voujeaucourt."
"1078";"26 - Drôme"
"1079";"Beauvallon"
"1080";"Bourg-de-Péage"
"1081";"Bourg-lès-Valence"
"1082";"Chatuzange-le-Goubet"
"1083";"Etoile-sur-Rhône"
"1084";"Génissieux"
"1085";"Mours-Saint-Eusèbe"
"1086";"Peyrins"
"1087";"Portes-lès-Valence"
"1088";"Romans-sur-Isère"
"1089";"Valence."
"1090";"27 - Eure"
"1091";"Aigleville"
"1092";"Alizav"
"1093";"Amécourt"
"1094";"Arnières-sur-Iton"
"1095";"Authevernes"
"1096";"Bazincourt-sur-Epte"
"1097";"Bernouville"
"1098";"Berthenonville"
"1099";"Bézu-la-Forêt"
"1100";"Bézu-Saint-Eloi"
"1101";"Bois-le-Roi"
"1102";"Bosnormand"
"1103";"Bourgtheroulde-Infreville"
"1104";"Bretagnolles"
"1105";"Breuilpont"
"1106";"Bueil"
"1107";"Bus-Saint-Rémy"
"1108";"Cahaignes"
"1109";"Cantiers"
"1110";"Chaignes"
"1111";"Château-sur-Epte"
"1112";"Chauvincourt-Provemont"
"1113";"Civières"
"1114";"Coudrav"
"1115";"Criquebeuf-sur-Seine"
"1116";"Croth"
"1117";"Dampsmesnil"
"1118";"Dangu"
"1119";"Doudeauville-en-Vexin"
"1120";"Ecos"
"1121";"Epieds"
"1122";"Etrépagny"
"1123";"Evreux"
"1124";"Ezy-sur-Eure"
"1125";"Farceaux"
"1126";"Fontenay"
"1127";"Fourges"
"1128";"Fours-en-Vexin"
"1129";"Gadencourt"
"1130";"Gamaches-en-Vexin"
"1131";"Garennes-sur-Eure"
"1132";"Gisors"
"1133";"Gravignv"
"1134";"Guerny"
"1135";"Hacqueville"
"1136";"Hébécourt"
"1137";"Hécourt"
"1138";"Heudicourt"
"1139";"Igoville"
"1140";"Ivry-la-Bataille"
"1141";"La Boissière"
"1142";"La Couture-Boussey"
"1143";"La Neuve-Grange"
"1144";"Le Bosc-Roger-en-Roumois"
"1145";"Le Manoir"
"1146";"Le Thil"
"1147";"Les Damps"
"1148";"Les Thilliers-en-Vexin"
"1149";"L'Habit"
"1150";"Lignerolles"
"1151";"Longchamps"
"1152";"Mainneville"
"1153";"Marcilly-sur-Eure"
"1154";"Martagny"
"1155";"Martot"
"1156";"Merey"
"1157";"Mesnil-sous-Vienne"
"1158";"Mouettes"
"1159";"Mouflaines"
"1160";"Mousseaux-Neuville"
"1161";"Neaufles-Saint-Martin"
"1162";"Neuilly"
"1163";"Nojeon-en-Vexin"
"1164";"Noyers"
"1165";"Pîtres"
"1166";"Pont-de-l'Arche"
"1167";"Puchay"
"1168";"Richeville"
"1169";"Saint-Denis-le-Ferment"
"1170";"Sainte-Marie-de-Vatimesnil"
"1171";"Saint-Laurent-des-Bois"
"1172";"Saint-Ouen-du-Tilleul"
"1173";"Saint-Sébastien-de-Morsent"
"1174";"Sancourt"
"1175";"Serez"
"1176";"Suzay"
"1177";"Vesly"
"1178";"Villegats"
"1179";"Villers-en-Vexin"
"1180";"Villiers-en-Désoeuvre."
"1181";"28 - Eure-et-Loir"
"1182";"Abondant"
"1183";"Anet"
"1184";"Ardelu"
"1185";"Aunay-sous-Auneau"
"1186";"Auneau"
"1187";"Bailleau-Armenonville"
"1188";"Barjouville"
"1189";"Barmainville"
"1190";"Baudreville"
"1191";"Berchères-sur-Vesgre"
"1192";"Béville-le-Comte"
"1193";"Bleury"
"1194";"Boncourt"
"1195";"Bouglainval"
"1196";"Boutigny-Prouais"
"1197";"Bréchamps"
"1198";"Broué"
"1199";"Bû"
"1200";"Champagne"
"1201";"Champhol"
"1202";"Champseru"
"1203";"Charpont"
"1204";"Chartainvilliers"
"1205";"Chartres"
"1206";"Châtenay"
"1207";"Chaudon"
"1208";"Coulombs"
"1209";"Croisilles"
"1210";"Denonville"
"1211";"Droue-sur-Drouette"
"1212";"Ecluzelles"
"1213";"Ecrosnes"
"1214";"Epernon"
"1215";"Faverolles"
"1216";"Gallardon"
"1217";"Garancières-en-Beauce"
"1218";"Gas"
"1219";"Germainville"
"1220";"Gilles"
"1221";"Gommerville"
"1222";"Gouillons"
"1223";"Goussainville"
"1224";"Guainville"
"1225";"Hanches"
"1226";"Havelu"
"1227";"Houx"
"1228";"Intréville"
"1229";"La Chapelle-d'Aunainville"
"1230";"La Chapelle-Forainvilliers"
"1231";"La Chaussée-d'Ivry"
"1232";"Le Boullay-Thierry"
"1233";"Le Coudray"
"1234";"Le Gué-de-Longroi"
"1235";"Le Mesnil-Simon"
"1236";"Les Pinthières"
"1237";"Léthuin"
"1238";"Levainville"
"1239";"Lèves"
"1240";"Levesville-la-Chenard"
"1241";"Lormaye"
"1242";"Louville-la-Chenard"
"1243";"Lucé"
"1244";"Luisant"
"1245";"Maintenon"
"1246";"Mainvilliers"
"1247";"Maisons"
"1248";"Marchezais"
"1249";"Mérouville"
"1250";"Mévoisins"
"1251";"Moinville-la-Jeulin"
"1252";"Mondonville-Saint-Jean"
"1253";"Morainville"
"1254";"Morancez"
"1255";"Néron"
"1256";"Neuvy-en-Beauce"
"1257";"Nogent-le-Roi"
"1258";"Oinville-sous-Auneau"
"1259";"Orlu"
"1260";"Ormoy"
"1261";"Ouarville"
"1262";"Ouerre"
"1263";"Oulins"
"1264";"Oysonville"
"1265";"Pierres"
"1266";"Roinville"
"1267";"Rouvray-Saint-Denis"
"1268";"Rouvres"
"1269";"Saint-Laurent-la-Gâtine"
"1270";"Saint-Léger-des-Aubées"
"1271";"Saint-Lubin-de-la-Haye"
"1272";"Saint-Lucien"
"1273";"Saint-Martin-de-Nigelles"
"1274";"Saint-Ouen-Marchefroy"
"1275";"Saint-Piat"
"1276";"Saint-Symphorien-le-Château"
"1277";"Sainville"
"1278";"Santeuil"
"1279";"Saussay"
"1280";"Senantes"
"1281";"Serazereux"
"1282";"Serville"
"1283";"Sorel-Moussel"
"1284";"Soulaires"
"1285";"Umpeau"
"1286";"Vierville"
"1287";"Villemeux-sur-Eure"
"1288";"Villiers-le-Morhier"
"1289";"Voise"
"1290";"Yermenonville"
"1291";"Ymeray."
"1292";"29 - Finistère"
"1293";"Bénodet"
"1294";"Bohars"
"1295";"Brest"
"1296";"Clohars-Fouesnant"
"1297";"Combrit"
"1298";"Concarneau"
"1299";"Ergué-Gabérie"
"1300";"Fouesnant"
"1301";"Gouesnach"
"1302";"Gouesnou"
"1303";"Guilers"
"1304";"Guilvinec"
"1305";"Guipavas"
"1306";"Ile-de-Batz"
"1307";"Ile-de-Sein"
"1308";"Ile-Molène"
"1309";"Ile-Tudy"
"1310";"La Forêt-Fouesnant"
"1311";"Le Relecq-Kerhuon"
"1312";"Loctudy"
"1313";"Loperhet"
"1314";"Ouessant"
"1315";"Penmarch"
"1316";"Pleuven"
"1317";"Plobannalec"
"1318";"Plomelin"
"1319";"Plomeur"
"1320";"Plougastel-Daoulas"
"1321";"Plouzané"
"1322";"Pluguffan"
"1323";"Pont-l'Abbé"
"1324";"Quimper"
"1325";"Saint-Jean-Trolimon"
"1326";"Treffiagat"
"1327";"Trégunc."
"1328";"30 - Gard"
"1329";"Alès"
"1330";"Anduze"
"1331";"Aramon"
"1332";"Aubord"
"1333";"Bagard"
"1334";"Bernis"
"1335";"Boisset-et-Gaujac"
"1336";"Bouillargues"
"1337";"Caissargues"
"1338";"Caveirac"
"1339";"Cendras"
"1340";"Clarensac"
"1341";"Fourques"
"1342";"Garons. Générac"
"1343";"Langlade"
"1344";"Le Grau-du-Roi"
"1345";"Les Angles"
"1346";"Marguerittes"
"1347";"Méjannes-lès-Alès"
"1348";"Milhaud"
"1349";"Nîmes"
"1350";"Poulx"
"1351";"Pujaut"
"1352";"Rodilhan"
"1353";"Rousson"
"1354";"Saint-Christol-lès-Alès"
"1355";"Saint-Hilaire-de-Brethmas"
"1356";"Saint-Jean-du-Pin"
"1357";"Saint-Julien-les-Rosiers"
"1358";"Saint-Martin-de-Valgalgues"
"1359";"Saint-Privat-des-Vieux"
"1360";"Salindres"
"1361";"Saze"
"1362";"Uchaud"
"1363";"Vestric-et-Candiac"
"1364";"Villeneuve-lès-Avignon."
"1365";"31 - Haute-Garonne"
"1366";"Aucamville"
"1367";"Aussonne"
"1368";"Auzeville-Tolosane"
"1369";"Auzielle"
"1370";"Balma"
"1371";"Beaupuy"
"1372";"Beauzelle"
"1373";"Belberaud"
"1374";"Blagnac"
"1375";"Brax"
"1376";"Bruguières"
"1377";"Castanet-Tolosan"
"1378";"Castelginest"
"1379";"Castelmaurou"
"1380";"Cépet"
"1381";"Colomiers"
"1382";"Cornebarrieu"
"1383";"Cugnaux"
"1384";"Daux"
"1385";"Deyme"
"1386";"Eaunes"
"1387";"Escalquens"
"1388";"Fenouillet"
"1389";"Fonbeauzard"
"1390";"Frouzins"
"1391";"Gagnac-sur-Garonne"
"1392";"Gratentour"
"1393";"La Salvetat-Saint-Gilles"
"1394";"Labarthe-sur-Lèze"
"1395";"Labastide-Saint-Sernin"
"1396";"Labège"
"1397";"Lacroix-Falgarde"
"1398";"Lapeyrouse-Fossat"
"1399";"Launaguet"
"1400";"Léguevin"
"1401";"Lespinasse"
"1402";"L'Union"
"1403";"Mervilla"
"1404";"Mondonville"
"1405";"Montberon"
"1406";"Montrabé"
"1407";"Muret"
"1408";"Péchabou"
"1409";"Pechbonnieu"
"1410";"Pechbusque"
"1411";"Pibrac"
"1412";"Pin-Balma"
"1413";"Pinsaguel"
"1414";"Pins-Justaret"
"1415";"Plaisance-du-Touch"
"1416";"Pompertuzat"
"1417";"Portet-sur-Garonne"
"1418";"Quint-Fonsegrives"
"1419";"Ramonville-Saint-Agne"
"1420";"Roques"
"1421";"Roquettes"
"1422";"Rouffiac-Tolosan"
"1423";"Saint-Alban"
"1424";"Saint-Geniès-Bellevue"
"1425";"Saint-Jean"
"1426";"Saint-Jory"
"1427";"Saint-Loup-Cammas"
"1428";"Saint-Orens-de-Gameville"
"1429";"Saint-Sauveur"
"1430";"Saubens"
"1431";"Seilh"
"1432";"Seysses"
"1433";"Toulouse"
"1434";"Tournefeuille"
"1435";"Vieille-Toulouse"
"1436";"Vigoulet-Auzil"
"1437";"Villate"
"1438";"Villeneuve-Tolosane."
"1439";"33 - Gironde"
"1440";"Ambarès-et-Lagrave"
"1441";"Andernos-les-Bains"
"1442";"Arcachon"
"1443";"Arès"
"1444";"Artigues-près-Bordeaux"
"1445";"Arveyres"
"1446";"Audenge"
"1447";"Bassens"
"1448";"Bègles"
"1449";"Biganos"
"1450";"Blanquefort"
"1451";"Bonnetan"
"1452";"Bordeaux"
"1453";"Bouliac"
"1454";"Bruges"
"1455";"Cadaujac"
"1456";"Camblanes-et-Meynac"
"1457";"Canéjan"
"1458";"Carbon-Blanc"
"1459";"Carignan-de-Bordeaux"
"1460";"Cénac"
"1461";"Cenon"
"1462";"Cestas"
"1463";"Eysines"
"1464";"Fargues-Saint-Hilaire"
"1465";"Floirac"
"1466";"Gradignan"
"1467";"Gujan-Mestras"
"1468";"Izon"
"1469";"La Teste-de-Buch"
"1470";"Lanton"
"1471";"Latresne"
"1472";"Le Bouscat"
"1473";"Le Haillan"
"1474";"Le Pian-Médoc"
"1475";"Le Taillan-Médoc"
"1476";"Le Teich"
"1477";"Lège-Cap-Ferret"
"1478";"Léognan"
"1479";"Lignan-de-Bordeaux"
"1480";"Lormont"
"1481";"Martignas-sur-Jalle"
"1482";"Mérignac"
"1483";"Montussan"
"1484";"Parempuyre"
"1485";"Pessac"
"1486";"Pineuilh"
"1487";"Pompignac"
"1488";"Quinsac"
"1489";"Saint-Aubin-de-Médoc"
"1490";"Saint-Avit-Saint-Nazaire"
"1491";"Sainte-Eulalie"
"1492";"Sainte-Foy-la-Grande"
"1493";"Saint-Jean-d'Illac"
"1494";"Saint-Loubès"
"1495";"Saint-Louis-de-Montferrand"
"1496";"Saint-Médard-en-Jalles"
"1497";"Saint-Philippe-du-Seignal"
"1498";"Saint-Sulpice-et-Cameyrac"
"1499";"Saint-Vincent-de-Paul"
"1500";"Salleboeuf"
"1501";"Talence"
"1502";"Tresses"
"1503";"Vayres"
"1504";"Villenave-d'Ornon"
"1505";"Yvrac."
"1506";"34 - Hérault"
"1507";"Agde"
"1508";"Assas"
"1509";"Baillargues"
"1510";"Balaruc-les-Bains"
"1511";"Balaruc-le-Vieux"
"1512";"Bassan"
"1513";"Béziers"
"1514";"Boujan-sur-Libron"
"1515";"Castelnau-le-Lez"
"1516";"Castries"
"1517";"Cers"
"1518";"Clapiers"
"1519";"Corneilhan"
"1520";"Fabrègues"
"1521";"Frontignan"
"1522";"Grabels"
"1523";"Jacou"
"1524";"Juvignac"
"1525";"La Grande-Motte"
"1526";"Lattes"
"1527";"Lavérune"
"1528";"Le Crès"
"1529";"Lieuran-lès-Béziers"
"1530";"Lignan-sur-Orb"
"1531";"Maraussan"
"1532";"Marseillan"
"1533";"Mauguio"
"1534";"Mèze"
"1535";"Mireval"
"1536";"Montferrier-sur-Lez"
"1537";"Montpellier"
"1538";"Palavas-les-Flots"
"1539";"Pérols"
"1540";"Portiragnes"
"1541";"Prades-le-Lez"
"1542";"Saint-Aunès"
"1543";"Saint-Brès"
"1544";"Saint-Clément-de-Rivière"
"1545";"Saint-Gély-du-Fesc"
"1546";"Saint-Georges-d'Orques"
"1547";"Saint-Jean-de-Védas"
"1548";"Saint-Vincent-de-Barbeyrargues"
"1549";"Saussan"
"1550";"Sauvian"
"1551";"Sérignan"
"1552";"Sète"
"1553";"Teyran"
"1554";"Valras-Plage"
"1555";"Vendargues"
"1556";"Vendres"
"1557";"Vias"
"1558";"Vic-la-Gardiole"
"1559";"Villeneuve-lès-Béziers"
"1560";"Villeneuve-lès-Maguelone."
"1561";"35 - Ille-et-Vilaine"
"1562";"Acigné"
"1563";"Betton"
"1564";"Brécé"
"1565";"Bruz"
"1566";"Cancale"
"1567";"Cesson-Sévigné"
"1568";"Chantepie"
"1569";"Chartres-de-Bretagne"
"1570";"Châteauneuf-d'Ille-et-Vilaine"
"1571";"Chavagne"
"1572";"Chevaigné"
"1573";"Cintré"
"1574";"Clayes"
"1575";"Corps-Nuds"
"1576";"Dinard"
"1577";"Gévezé"
"1578";"Hirel"
"1579";"La Chapelle-des-Fougeretz"
"1580";"La Chapelle-Thouarault"
"1581";"La Fresnais"
"1582";"La Gouesnière"
"1583";"La Richardais"
"1584";"La Ville-ès-Nonais"
"1585";"Le Rheu"
"1586";"Le Verger"
"1587";"L'Hermitage"
"1588";"Lillemer"
"1589";"Montgermont"
"1590";"Mordelles"
"1591";"Noyal-Châtillon-sur-Seiche"
"1592";"Noyal-sur-Vilaine"
"1593";"Orgères"
"1594";"Pacé"
"1595";"Parthenay-de-Bretagne"
"1596";"Plerguer"
"1597";"Pleurtuit"
"1598";"Pont-Péan"
"1599";"Rennes"
"1600";"Saint-Armel"
"1601";"Saint-Benoît-des-Ondes"
"1602";"Saint-Briac-sur-Mer"
"1603";"Saint-Coulomb"
"1604";"Saint-Erblon"
"1605";"Saint-Gilles"
"1606";"Saint-Grégoire"
"1607";"Saint-Guinoux"
"1608";"Saint-Jacques-de-la-Lande"
"1609";"Saint-Lunaire"
"1610";"Saint-Malo"
"1611";"Saint-Méloir-des-Ondes"
"1612";"Saint-Père"
"1613";"Saint-Suliac"
"1614";"Saint-Sulpice-la-Forêt"
"1615";"Thorigné-Fouillard"
"1616";"Vern-sur-Seiche"
"1617";"Vezin-le-Coquet."
"1618";"36 - Indre"
"1619";"Châteauroux"
"1620";"Déols"
"1621";"Le Poinçonnet"
"1622";"Saint-Maur."
"1623";"37 - Indre-et-Loire"
"1624";"Ballan-Miré"
"1625";"Chambray-lès-Tours"
"1626";"Fondettes. Joué-lès-Tours"
"1627";"La Membrolle-sur-Choisille"
"1628";"La Riche"
"1629";"La Ville-aux-Dames"
"1630";"Larçay"
"1631";"Luynes"
"1632";"Mettray"
"1633";"Montbazon"
"1634";"Montlouis-sur-Loire"
"1635";"Noizay"
"1636";"Parçay-Meslay"
"1637";"Rochecorbon"
"1638";"Saint-Avertin"
"1639";"Saint-Cyr-sur-Loire"
"1640";"Saint-Genouph"
"1641";"Saint-Pierre-des-Corps"
"1642";"Tours"
"1643";"Veigné"
"1644";"Vernou-sur-Brenne"
"1645";"Vouvray."
"1646";"38 - Isère"
"1647";"Bernin"
"1648";"Biviers"
"1649";"Bresson"
"1650";"Chasse-sur-Rhône"
"1651";"Claix"
"1652";"Corenc"
"1653";"Crolles"
"1654";"Domène"
"1655";"Echirolles"
"1656";"Eybens"
"1657";"Fontaine"
"1658";"Fontanil-Cornillon. Four"
"1659";"Froges"
"1660";"Gières"
"1661";"Grenoble"
"1662";"La Pierre"
"1663";"La Tronche"
"1664";"La Verpillière"
"1665";"Le Champ-près-Froges"
"1666";"Le Pont-de-Claix"
"1667";"Le Versoud"
"1668";"L'Isle-d'Abeau"
"1669";"Meylan"
"1670";"Montbonnot-Saint-Martin"
"1671";"Murianette"
"1672";"Noyarey"
"1673";"Poisat"
"1674";"Saint-Egrève"
"1675";"Saint-Ismier"
"1676";"Saint-Martin-d'Hères"
"1677";"Saint-Martin-le-Vinoux"
"1678";"Saint-Nazaire-les-Eymes"
"1679";"Saint-Quentin-Fallavier"
"1680";"Sassenage"
"1681";"Seyssinet-Pariset"
"1682";"Seyssins"
"1683";"Varces-Allières-et-Risset"
"1684";"Vaulx-Milieu"
"1685";"Veurey-Voroize"
"1686";"Villard-Bonnot"
"1687";"Villefontaine"
"1688";"Voreppe."
"1689";"40 - Landes"
"1690";"Biscarrosse"
"1691";"Capbreton"
"1692";"Labenne"
"1693";"Ondres"
"1694";"Sanguinet"
"1695";"Soorts-Hossegor"
"1696";"Tarnos."
"1697";"41 - Loir-et-Cher"
"1698";"Blois"
"1699";"Huisseau-sur-Cosson"
"1700";"La Chaussée-Saint-Victor"
"1701";"Saint-Denis-sur-Loire"
"1702";"Saint-Gervais-la-Forêt"
"1703";"Vineuil."
"1704";"42 - Loire"
"1705";"Cellieu"
"1706";"Châteauneuf"
"1707";"Commelle-Vernay"
"1708";"Farnay"
"1709";"Firminy"
"1710";"Fraisses"
"1711";"Genilac"
"1712";"La Grand-Croix"
"1713";"La Ricamarie"
"1714";"La Talaudière"
"1715";"La Tour-en-Jarez"
"1716";"Le Chambon-Feugerolles"
"1717";"Le Coteau"
"1718";"L'Etrat"
"1719";"L'Horme"
"1720";"Lorette"
"1721";"Mably"
"1722";"Pouilly-les-Nonains"
"1723";"Renaison"
"1724";"Riorges"
"1725";"Rive-de-Gier"
"1726";"Roanne"
"1727";"Roche-la-Molière"
"1728";"Saint-Alban-les-Eaux"
"1729";"Saint-André-d'Apchon"
"1730";"Saint-Chamond"
"1731";"Saint-Etienne"
"1732";"Saint-Genest-Lerpt"
"1733";"Saint-Haon-le-Châtel"
"1734";"Saint-Haon-le-Vieux"
"1735";"Saint-Jean-Bonnefonds"
"1736";"Saint-Joseph"
"1737";"Saint-Léger-sur-Roanne"
"1738";"Saint-Martin-la-Plaine"
"1739";"Saint-Paul-en-Jarez"
"1740";"Saint-Priest-en-Jarez"
"1741";"Sorbiers"
"1742";"Unieux"
"1743";"Villars"
"1744";"Villerest."
"1745";"43 - Haute-Loire"
"1746";"Pont-Salomon"
"1747";"Saint-Ferréol-d'Auroure."
"1748";"44 - Loire-Atlantique"
"1749";"Basse-Goulaine"
"1750";"Batz-sur-Mer"
"1751";"Bouaye"
"1752";"Bouguenais"
"1753";"Carquefou"
"1754";"Couëron"
"1755";"Donges"
"1756";"Guérande"
"1757";"Haute-Goulaine"
"1758";"Indre"
"1759";"La Baule-Escoublac"
"1760";"La Bernerie-en-Retz"
"1761";"La Chapelle-sur-Erdre"
"1762";"La Montagne"
"1763";"La Plaine-sur-Mer"
"1764";"La Turballe"
"1765";"Le Croisic"
"1766";"Le Pellerin"
"1767";"Le Pouliguen"
"1768";"Les Moutiers-en-Retz"
"1769";"Les Sorinières"
"1770";"Mesquer"
"1771";"Montoir-de-Bretagne"
"1772";"Nantes"
"1773";"Orvault"
"1774";"Piriac-sur-Mer"
"1775";"Pornic"
"1776";"Pornichet"
"1777";"Préfailles"
"1778";"Rezé"
"1779";"Saint-Aignan-Grandlieu"
"1780";"Saint-Brevin-les-Pins"
"1781";"Sainte-Luce-sur-Loire"
"1782";"Saint-Herblain"
"1783";"Saint-Jean-de-Boiseau"
"1784";"Saint-Michel-Chef-Chef"
"1785";"Saint-Nazaire"
"1786";"Saint-Sébastien-sur-Loire"
"1787";"Sautron"
"1788";"Thouaré-sur-Loire"
"1789";"Trignac"
"1790";"Vertou.45 - Loiret"
"1791";"Amilly"
"1792";"Andonville"
"1793";"Autruy-sur-Juine"
"1794";"Boigny-sur-Bionne"
"1795";"Boisseaux"
"1796";"Cepoy"
"1797";"Châlette-sur-Loing"
"1798";"Chécy"
"1799";"Combleux"
"1800";"Conflans-sur-Loing"
"1801";"Corquilleroy"
"1802";"Desmonts"
"1803";"Erceville"
"1804";"Fleury-les-Aubrais"
"1805";"Ingré"
"1806";"La Chapelle-Saint-Mesmin"
"1807";"Malesherbes"
"1808";"Mardié"
"1809";"Montargis"
"1810";"Morville-en-Beauce"
"1811";"Olivet"
"1812";"Orléans"
"1813";"Ormes"
"1814";"Orville"
"1815";"Pannecières"
"1816";"Pannes"
"1817";"Rouvres-Saint-Jean"
"1818";"Saint-Cyr-en-Val"
"1819";"Saint-Denis-en-Val"
"1820";"Saint-Hilaire-Saint-Mesmin"
"1821";"Saint-Jean-de-Braye"
"1822";"Saint-Jean-de-la-Ruelle"
"1823";"Saint-Jean-le-Blanc"
"1824";"Saint-Pryvé-Saint-Mesmin"
"1825";"Saran"
"1826";"Semoy"
"1827";"Thignonville"
"1828";"Villemandeur."
"1829";"47 - Lot-et-Garonne"
"1830";"Agen"
"1831";"Boé"
"1832";"Bon-Encontre"
"1833";"Brax"
"1834";"Castelculier"
"1835";"Colayrac-Saint-Cirq"
"1836";"Estillac"
"1837";"Foulayronnes"
"1838";"Lafox"
"1839";"Le Passage"
"1840";"Pont-du-Casse"
"1841";"Roquefort"
"1842";"Saint-Hilaire-de-Lusignan"
"1843";"Saint-Pierre-de-Clairac."
"1844";"49 - Maine-et-Loire"
"1845";"Angers"
"1846";"Avrillé"
"1847";"Beaucouzé"
"1848";"Bouchemaine"
"1849";"Cholet"
"1850";"Ecouflant"
"1851";"Juigné-sur-Loire"
"1852";"Les Ponts-de-Cé"
"1853";"Mûrs-Erigné"
"1854";"Saint-Barthélemy-d'Anjou"
"1855";"Sainte-Gemmes-sur-Loire"
"1856";"Saint-Sylvain-d'Anjou"
"1857";"Trélazé."
"1858";"50 - Manche"
"1859";"Bréville-sur-Mer"
"1860";"Cherbourg"
"1861";"Donville-les-Bains"
"1862";"Equeurdreville-Hainneville"
"1863";"Granville"
"1864";"La Glacerie"
"1865";"Longueville"
"1866";"Martinvast"
"1867";"Octeville"
"1868";"Querqueville"
"1869";"Tourlaville"
"1870";"Yquelon."
"1871";"51 - Marne"
"1872";"Bétheny"
"1873";"Bezannes"
"1874";"Châlons-en-Champagne"
"1875";"Compertrix"
"1876";"Cormontreuil"
"1877";"Dizy"
"1878";"Epernay"
"1879";"Fagnières"
"1880";"Le Vézier"
"1881";"Magenta"
"1882";"Mardeuil"
"1883";"Moussy"
"1884";"Pierry"
"1885";"Reims"
"1886";"Réveillon"
"1887";"Saint-Brice-Courcelles"
"1888";"Saint-Léonard"
"1889";"Saint-Martin-sur-le-Pré"
"1890";"Saint-Memmie"
"1891";"Taissy"
"1892";"Tinqueux"
"1893";"Villeneuve-la-Lionne."
"1894";"53 - Mayenne"
"1895";"Changé"
"1896";"Laval"
"1897";"Saint-Berthevin."
"1898";"54 - Meurthe-et-Moselle"
"1899";"Art-sur-Meurthe"
"1900";"Auboué"
"1901";"Bainville-sur-Madon"
"1902";"Bouxières-aux-Dames"
"1903";"Briey"
"1904";"Chaligny"
"1905";"Champigneulles"
"1906";"Chavigny"
"1907";"Cosnes-et-Romain"
"1908";"Custines"
"1909";"Dombasle-sur-Meurthe"
"1910";"Dommartemont"
"1911";"Essey-lès-Nancy"
"1912";"Eulmont"
"1913";"Fléville-devant-Nancy"
"1914";"Frouard"
"1915";"Gorcy"
"1916";"Haucourt-Moulaine"
"1917";"Heillecourt"
"1918";"Herserange"
"1919";"Homécourt"
"1920";"Houdemont"
"1921";"Hussigny-Godbrange"
"1922";"Jarville-la-Malgrange"
"1923";"Joeuf"
"1924";"Laneuveville-devant-Nancy"
"1925";"Laxou"
"1926";"Lay-Saint-Christophe"
"1927";"Lexy"
"1928";"Liverdun"
"1929";"Longlaville"
"1930";"Longwy"
"1931";"Ludres"
"1932";"Malleloy"
"1933";"Malzéville"
"1934";"Maxéville"
"1935";"Messein"
"1936";"Mexy"
"1937";"Mont-Saint-Martin"
"1938";"Moutiers"
"1939";"Nancy"
"1940";"Neuves-Maisons"
"1941";"Pompey"
"1942";"Pont-Saint-Vincent"
"1943";"Pulnoy"
"1944";"Réhon"
"1945";"Rosières-aux-Salines"
"1946";"Saint-Max"
"1947";"Saint-Nicolas-de-Port"
"1948";"Saulnes"
"1949";"Saulxures-lès-Nancy"
"1950";"Seichamps"
"1951";"Thil"
"1952";"Tomblaine"
"1953";"Vandoeuvre-lès-Nancy"
"1954";"Varangéville"
"1955";"Villers-lès-Nancy"
"1956";"Villerupt."
"1957";"56 - Morbihan"
"1958";"Arradon"
"1959";"Arzon"
"1960";"Auray"
"1961";"Baden"
"1962";"Bangor"
"1963";"Bono"
"1964";"Brech"
"1965";"Carnac"
"1966";"Crach"
"1967";"Groix"
"1968";"Hoedic"
"1969";"Ile-aux-Moines"
"1970";"Ile-d'Arz"
"1971";"Ile-d'Houat"
"1972";"La Trinité-sur-Mer"
"1973";"Lanester"
"1974";"Larmor-Baden"
"1975";"Larmor-Plage"
"1976";"Le Hézo"
"1977";"Le Palais"
"1978";"Locmaria"
"1979";"Locmariaquer"
"1980";"Lorient"
"1981";"Noyalo"
"1982";"Ploemeur"
"1983";"Ploeren"
"1984";"Plougoumelen"
"1985";"Plouharnel"
"1986";"Pluneret"
"1987";"Quéven"
"1988";"Quiberon"
"1989";"Saint-Armel"
"1990";"Saint-Avé"
"1991";"Saint-Gildas-de-Rhuys"
"1992";"Saint-Philibert"
"1993";"Saint-Pierre-Quiberon"
"1994";"Sarzeau"
"1995";"Sauzon"
"1996";"Séné"
"1997";"Vannes."
"1998";"57 - Moselle"
"1999";"Achen"
"2000";"Algrange"
"2001";"Alsting"
"2002";"Altviller"
"2003";"Amnéville"
"2004";"Ancy-sur-Moselle"
"2005";"Ars-sur-Moselle"
"2006";"Audun-le-Tiche"
"2007";"Augny"
"2008";"Behren-lès-Forbach"
"2009";"Béning-lès-Saint-Avold"
"2010";"Betting-lès-Saint-Avold"
"2011";"Bliesbruck"
"2012";"Blies-Ebersing"
"2013";"Blies-Guersviller"
"2014";"Bousbach"
"2015";"Bronvaux"
"2016";"Carling"
"2017";"Châtel-Saint-Germain"
"2018";"Clouange"
"2019";"Cocheren"
"2020";"Creutzwald"
"2021";"Diebling"
"2022";"Diesen"
"2023";"Ernestviller"
"2024";"Etting"
"2025";"Etzling"
"2026";"Falck"
"2027";"Fameck"
"2028";"Farébersviller"
"2029";"Farschviller"
"2030";"Fèves"
"2031";"Florange"
"2032";"Folkling"
"2033";"Folschviller"
"2034";"Forbach"
"2035";"Frauenberg"
"2036";"Freyming-Merlebach"
"2037";"Gandrange"
"2038";"Grosbliederstroff"
"2039";"Guebenhouse"
"2040";"Guenviller"
"2041";"Hagondange"
"2042";"Hambach"
"2043";"Ham-sous-Varsberg"
"2044";"Hargarten-aux-Mines"
"2045";"Hauconcourt"
"2046";"Hayange"
"2047";"Henriville"
"2048";"Hombourg-Haut"
"2049";"Hundling"
"2050";"Ippling"
"2051";"Jouy-aux-Arches"
"2052";"Jussy"
"2053";"Kalhausen"
"2054";"Kerbach"
"2055";"Knutange"
"2056";"Lachambre"
"2057";"Laudrefang"
"2058";"Le Ban-Saint-Martin"
"2059";"Lessy"
"2060";"L'Hôpital"
"2061";"Lixing-lès-Rouhling"
"2062";"Longeville-lès-Metz"
"2063";"Longeville-lès-Saint-Avold"
"2064";"Loupershouse"
"2065";"Macheren"
"2066";"Maizières-lès-Metz"
"2067";"Manom"
"2068";"Marange-Silvange"
"2069";"Marly"
"2070";"Metz"
"2071";"Metzing"
"2072";"Mondelange"
"2073";"Montigny-lès-Metz"
"2074";"Montois-la-Montagne"
"2075";"Morsbach"
"2076";"Moulins-lès-Metz"
"2077";"Moyeuvre-Grande"
"2078";"Moyeuvre-Petite"
"2079";"Neufgrange"
"2080";"Nilvange"
"2081";"Nousseviller-Saint-Nabor"
"2082";"OEting"
"2083";"Ottange"
"2084";"Petite-Rosselle"
"2085";"Pierrevillers"
"2086";"Plappeville"
"2087";"Porcelette"
"2088";"Puttelange-aux-Lacs"
"2089";"Rédange"
"2090";"Rémelfing"
"2091";"Richemont"
"2092";"Rombas"
"2093";"Rosbruck"
"2094";"Rosselange"
"2095";"Rouhling"
"2096";"Rozérieulles"
"2097";"Russange"
"2098";"Saint-Avold"
"2099";"Sainte-Marie-aux-Chênes"
"2100";"Sainte-Ruffine"
"2101";"Saint-Julien-lès-Metz"
"2102";"Sarralbe"
"2103";"Sarreguemines"
"2104";"Sarreinsming"
"2105";"Schmittviller"
"2106";"Schoeneck"
"2107";"Scy-Chazelles"
"2108";"Seingbouse"
"2109";"Semécourt"
"2110";"Serémange-Erzange"
"2111";"Spicheren"
"2112";"Stiring-Wendel"
"2113";"Talange"
"2114";"Tenteling"
"2115";"Terville"
"2116";"Théding"
"2117";"Thionville"
"2118";"Uckange"
"2119";"Valmont"
"2120";"Vantoux"
"2121";"Varsberg"
"2122";"Vaux"
"2123";"Vitry-sur-Orne"
"2124";"Volmerange-les-Mines"
"2125";"Wiesviller"
"2126";"Willerwald"
"2127";"Wittring"
"2128";"Woelfling-lès-Sarreguemines"
"2129";"Woippy"
"2130";"Woustviller"
"2131";"Yutz"
"2132";"Zetting."
"2133";"58 - Nièvre"
"2134";"Challuy"
"2135";"Coulanges-lès-Nevers"
"2136";"Nevers"
"2137";"Sermoise-sur-Loire"
"2138";"Varennes-Vauzelles."
"2139";"59 - Nord"
"2140";"Abscon"
"2141";"Anhiers"
"2142";"Aniche"
"2143";"Anstaing"
"2144";"Anzin"
"2145";"Armentières"
"2146";"Assevent"
"2147";"Auberchicourt"
"2148";"Aubry-du-Hainaut"
"2149";"Auby"
"2150";"Aulnoy-lez-Valenciennes"
"2151";"Bailleul"
"2152";"Baisieux"
"2153";"Bauvin"
"2154";"Bellaing"
"2155";"Bergues"
"2156";"Beuvrages"
"2157";"Bierne"
"2158";"Bondues"
"2159";"Bouchain"
"2160";"Bourbourg"
"2161";"Bourghelles"
"2162";"Bousbecque"
"2163";"Boussières-sur-Sambre"
"2164";"Boussois"
"2165";"Bouvines"
"2166";"Bray-Dunes"
"2167";"Bruay-sur-l'Escaut"
"2168";"Bruille-lez-Marchiennes"
"2169";"Bruille-Saint-Amand"
"2170";"Capinghem"
"2171";"Cappelle-la-Grande"
"2172";"Château-l'Abbaye"
"2173";"Chéreng"
"2174";"Comines"
"2175";"Condé-sur-l'Escaut"
"2176";"Coudekerque"
"2177";"Coudekerque-Branche"
"2178";"Courchelettes"
"2179";"Craywick"
"2180";"Crespin"
"2181";"Croix"
"2182";"Cuincy"
"2183";"Cysoing"
"2184";"Dechy"
"2185";"Denain"
"2186";"Deûlémont"
"2187";"Douai"
"2188";"Douchy-les-Mines"
"2189";"Dunkerque"
"2190";"Ecaillon"
"2191";"Eclaibes"
"2192";"Emerchicourt"
"2193";"Emmerin"
"2194";"Englos"
"2195";"Erquinghem-Lys"
"2196";"Erre"
"2197";"Escaudain"
"2198";"Escautpont"
"2199";"Esquerchin"
"2200";"Faches-Thumesnil"
"2201";"Famars"
"2202";"Feignies"
"2203";"Fenain"
"2204";"Ferrière-la-Grande"
"2205";"Flers-en-Escrebieux"
"2206";"Flines-lès-Mortagne"
"2207";"Forest-sur-Marque"
"2208";"Fort-Mardyck"
"2209";"Frelinghien"
"2210";"Fresnes-sur-Escaut"
"2211";"Ghyvelde"
"2212";"Grande-Synthe"
"2213";"Grand-Fort-Philippe"
"2214";"Gravelines"
"2215";"Gruson"
"2216";"Guesnain"
"2217";"Hallennes-lez-Haubourdin"
"2218";"Halluin"
"2219";"Haubourdin"
"2220";"Haulchin"
"2221";"Hautmont"
"2222";"Haveluy"
"2223";"Hélesmes"
"2224";"Hem"
"2225";"Hergnies"
"2226";"Hérin"
"2227";"Hornaing"
"2228";"Houplines"
"2229";"Hoymille"
"2230";"Jeumont"
"2231";"La Bassée"
"2232";"La Chapelle-d'Armentières"
"2233";"La Madeleine"
"2234";"La Neuville"
"2235";"La Sentinelle"
"2236";"Lallaing"
"2237";"Lambersart"
"2238";"Lambres-lez-Douai"
"2239";"Lannoy"
"2240";"Lauwin-Planque"
"2241";"Lecelles"
"2242";"Leers"
"2243";"Leffrinckoucke"
"2244";"Lesquin"
"2245";"Lewarde"
"2246";"Lezennes"
"2247";"Lieu-Saint-Amand"
"2248";"Lille"
"2249";"Limont-Fontaine"
"2250";"Linselles"
"2251";"Loffre"
"2252";"Lomme"
"2253";"Lompret"
"2254";"Loon-Plage"
"2255";"Loos"
"2256";"Lourches"
"2257";"Louvil"
"2258";"Louvroil"
"2259";"Lys-lez-Lannoy"
"2260";"Maing"
"2261";"Mairieux"
"2262";"Marcq-en-Baroeul"
"2263";"Marly"
"2264";"Marpent"
"2265";"Marquette-lez-Lille"
"2266";"Masny"
"2267";"Maubeuge"
"2268";"Maulde"
"2269";"Méteren"
"2270";"Millonfosse"
"2271";"Moncheaux"
"2272";"Mons-en-Baroeul"
"2273";"Montigny-en-Ostrevent"
"2274";"Mortagne-du-Nord"
"2275";"Mouvaux"
"2276";"Neuf-Mesnil"
"2277";"Neuville-en-Ferrain"
"2278";"Neuville-sur-Escaut"
"2279";"Nieppe"
"2280";"Nivelle"
"2281";"Noyelles-lès-Seclin"
"2282";"Odomez"
"2283";"Oisy"
"2284";"Onnaing"
"2285";"Ostricourt"
"2286";"Pecquencourt"
"2287";"Pérenchies"
"2288";"Petite-Forêt"
"2289";"Prémesques"
"2290";"Prouvy"
"2291";"Provin"
"2292";"Quaëdypre"
"2293";"Quarouble"
"2294";"Quesnoy-sur-Deûle"
"2295";"Quiévrechain"
"2296";"Râches"
"2297";"Raimbeaucourt"
"2298";"Raismes"
"2299";"Recquignies"
"2300";"Rieulay"
"2301";"Roeulx"
"2302";"Ronchin"
"2303";"Roncq"
"2304";"Roost-Warendin"
"2305";"Roubaix"
"2306";"Rousies"
"2307";"Rouvignies"
"2308";"Sailly-lez-Lannoy"
"2309";"Sainghin-en-Mélantois"
"2310";"Saint-Amand-les-Eaux"
"2311";"Saint-André-lez-Lille"
"2312";"Saint-Aybert"
"2313";"Saint-Georges-sur-l'Aa"
"2314";"Saint-Jans-Cappel"
"2315";"Saint-Pol-sur-Mer"
"2316";"Saint-Rémy-du-Nord"
"2317";"Saint-Saulve"
"2318";"Santes"
"2319";"Saultain"
"2320";"Seclin"
"2321";"Sequedin"
"2322";"Sin-le-Noble"
"2323";"Socx"
"2324";"Somain"
"2325";"Steenwerck"
"2326";"Templemars"
"2327";"Téteghem"
"2328";"Thiant"
"2329";"Thivencelle"
"2330";"Thumeries"
"2331";"Thun-Saint-Amand"
"2332";"Toufflers"
"2333";"Tourcoing"
"2334";"Tressin"
"2335";"Trith-Saint-Léger"
"2336";"Valenciennes"
"2337";"Vendeville"
"2338";"Verlinghem"
"2339";"Vicq"
"2340";"Vieux-Condé"
"2341";"Villeneuve-d'Ascq"
"2342";"Wahagnies"
"2343";"Wallers"
"2344";"Wambrechies"
"2345";"Warneton"
"2346";"Wasquehal"
"2347";"Wattignies"
"2348";"Wattrelos"
"2349";"Wavrechain-sous-Denain"
"2350";"Waziers"
"2351";"Wervicq-Sud"
"2352";"Willems"
"2353";"Zuydcoote."
"2354";"60 - Oise"
"2355";"Abbecourt"
"2356";"Acy-en-Multien"
"2357";"Allonne"
"2358";"Amblainville"
"2359";"Andeville"
"2360";"Angicourt"
"2361";"Anserville"
"2362";"Antilly"
"2363";"Apremont"
"2364";"Armancourt"
"2365";"Auger-Saint-Vincent"
"2366";"Aumont-en-Halatte"
"2367";"Auteuil"
"2368";"Autheuil-en-Valois"
"2369";"Avilly-Saint-Léonard"
"2370";"Bachivillers"
"2371";"Bargny"
"2372";"Baron"
"2373";"Beaumont-les-Nonains"
"2374";"Beauvais"
"2375";"Belle-Eglise"
"2376";"Béthancourt-en-Valois"
"2377";"Betz"
"2378";"Bienville"
"2379";"Blaincourt-lès-Précy"
"2380";"Boissy-Fresnoy"
"2381";"Boissy-le-Bois"
"2382";"Bonneuil-en-Valois"
"2383";"Boran-sur-Oise"
"2384";"Borest"
"2385";"Bornel"
"2386";"Boubiers"
"2387";"Bouconvillers"
"2388";"Bouillancy"
"2389";"Boullarre"
"2390";"Boursonne"
"2391";"Boury-en-Vexin"
"2392";"Boutencourt"
"2393";"Brégy"
"2394";"Brenouille"
"2395";"Cauvigny"
"2396";"Chambly"
"2397";"Chambors"
"2398";"Chantilly. Chaumont-en-Vexin"
"2399";"Chavençon"
"2400";"Chèvreville"
"2401";"Choisy-au-Bac"
"2402";"Cinqueux"
"2403";"Clairoix"
"2404";"Compiègne"
"2405";"Corbeil-Cerf"
"2406";"Courcelles-lès-Gisors"
"2407";"Courteuil"
"2408";"Coye-la-Forêt"
"2409";"Creil"
"2410";"Crépy-en-Valois"
"2411";"Crouy-en-Thelle"
"2412";"Cuvergnon"
"2413";"Delincourt"
"2414";"Dieudonné"
"2415";"Duvy"
"2416";"Eméville"
"2417";"Enencourt-Léage"
"2418";"Enencourt-le-Sec"
"2419";"Eragny-sur-Epte"
"2420";"Ercuis"
"2421";"Ermenonville"
"2422";"Esches"
"2423";"Etavigny"
"2424";"Eve"
"2425";"Fay-les-Etangs"
"2426";"Feigneux"
"2427";"Flavacourt"
"2428";"Fleury"
"2429";"Fontaine-Chaalis"
"2430";"Fosseuse"
"2431";"Foulangues"
"2432";"Fresneaux-Montchevreuil"
"2433";"Fresne-Léguillon"
"2434";"Fresnoy-en-Thelle"
"2435";"Fresnoy-la-Rivière. Fresnoy-le-Luat"
"2436";"Gilocourt"
"2437";"Glaignes"
"2438";"Goincourt"
"2439";"Gondreville"
"2440";"Gouvieux"
"2441";"Hadancourt-le-Haut-Clocher"
"2442";"Hardivillers-en-Vexin"
"2443";"Hénonville"
"2444";"Hodenc-l'Evêque"
"2445";"Ivors"
"2446";"Ivry-le-Temple"
"2447";"Jaméricourt"
"2448";"Janville"
"2449";"Jaux"
"2450";"Jouy-sous-Thelle"
"2451";"La Chapelle-en-Serval"
"2452";"La Houssoye"
"2453";"La Neuville-d'Aumont"
"2454";"La Neuville-Garnier"
"2455";"La Villeneuve-sous-Thury"
"2456";"Laboissière-en-Thelle"
"2457";"Labosse"
"2458";"Lachapelle-Saint-Pierre"
"2459";"Lagny-le-Sec"
"2460";"Laigneville"
"2461";"Lalande-en-Son"
"2462";"Lamorlaye"
"2463";"Lattainville"
"2464";"Lavilletertre"
"2465";"Le Coudray-sur-Thelle"
"2466";"Le Déluge"
"2467";"Le Mesnil-en-Thelle"
"2468";"Le Mesnil-Théribus"
"2469";"Le Plessis-Belleville"
"2470";"Le Vaumain"
"2471";"Le Vauroux"
"2472";"Lévignen"
"2473";"Liancourt-Saint-Pierre"
"2474";"Lierville"
"2475";"Loconville"
"2476";"Longueil-Annel"
"2477";"Lormaison"
"2478";"Machemont"
"2479";"Mareuil-sur-Ourcq"
"2480";"Margny-lès-Compiègne"
"2481";"Marolles"
"2482";"Mélicocq"
"2483";"Méru"
"2484";"Monceaux"
"2485";"Monchy-Saint-Eloi"
"2486";"Monneville"
"2487";"Montagny-en-Vexin"
"2488";"Montagny-Sainte-Félicité"
"2489";"Montataire"
"2490";"Montherlant"
"2491";"Montjavoult"
"2492";"Montlognon"
"2493";"Montmacq"
"2494";"Monts"
"2495";"Morangles"
"2496";"Morienval"
"2497";"Mortefontaine"
"2498";"Mortefontaine-en-Thelle"
"2499";"Nanteuil-le-Haudouin"
"2500";"Neufchelles"
"2501";"Neuilly-en-Thelle"
"2502";"Neuville-Bosc"
"2503";"Noailles"
"2504";"Nogent-sur-Oise"
"2505";"Novillers"
"2506";"Ognes"
"2507";"Ormoy-le-Davien"
"2508";"Ormoy-Villers"
"2509";"Orrouy"
"2510";"Orry-la-Ville"
"2511";"Parnes"
"2512";"Péroy-les-Gombries"
"2513";"Plailly"
"2514";"Ponchon"
"2515";"Pontarmé"
"2516";"Porcheux"
"2517";"Pouilly"
"2518";"Précy-sur-Oise"
"2519";"Puiseux-en-Bray"
"2520";"Puiseux-le-Hauberger"
"2521";"Réez-Fosse-Martin"
"2522";"Reilly"
"2523";"Ressons-l'Abbaye"
"2524";"Rieux"
"2525";"Rocquemont"
"2526";"Rosières"
"2527";"Rosoy-en-Multien"
"2528";"Rouville"
"2529";"Rouvres-en-Multien"
"2530";"Russy-Bémont"
"2531";"Saint-Crépin-Ibouvillers"
"2532";"Sainte-Geneviève"
"2533";"Saint-Leu-d'Esserent"
"2534";"Saint-Maximin"
"2535";"Saint-Pierre-es-Champs"
"2536";"Saint-Sulpice"
"2537";"Senots"
"2538";"Serans"
"2539";"Sérifontaine"
"2540";"Séry-Magneval"
"2541";"Silly-le-Long"
"2542";"Silly-Tillard"
"2543";"Talmontiers"
"2544";"Thibivillers"
"2545";"Thiers-sur-Thève"
"2546";"Thiverny"
"2547";"Thourotte"
"2548";"Thury-en-Valois"
"2549";"Tillé"
"2550";"Tourly"
"2551";"Trie-Château. Trie-la-Ville"
"2552";"Trumilly"
"2553";"Ully-Saint-Georges"
"2554";"Valdampierre"
"2555";"Varinfroy"
"2556";"Vauciennes"
"2557";"Vaudancourt"
"2558";"Vaumoise"
"2559";"Venette"
"2560";"Verneuil-en-Halatte"
"2561";"Versigny"
"2562";"Ver-sur-Launette"
"2563";"Vez"
"2564";"Villeneuve-les-Sablons"
"2565";"Villers-Saint-Genest"
"2566";"Villers-Saint-Paul"
"2567";"Villers-sous-Saint-Leu"
"2568";"Villers-sur-Trie"
"2569";"Villotran"
"2570";"Vineuil-Saint-Firmin."
"2571";"62 - Pas-de-Calais"
"2572";"Ablain-Saint-Nazaire"
"2573";"Achicourt"
"2574";"Agny"
"2575";"Aix-Noulette"
"2576";"Allouagne"
"2577";"Angres"
"2578";"Annay"
"2579";"Annequin"
"2580";"Annezin"
"2581";"Anzin-Saint-Aubin"
"2582";"Arques"
"2583";"Arras"
"2584";"Athies"
"2585";"Auchel"
"2586";"Auchy-les-Mines"
"2587";"Avion"
"2588";"Barlin"
"2589";"Beaurains"
"2590";"Bénifontaine"
"2591";"Berck"
"2592";"Béthune"
"2593";"Beugin"
"2594";"Beuvry"
"2595";"Billy-Berclau"
"2596";"Billy-Montigny"
"2597";"Blendecques"
"2598";"Bois-Bernard"
"2599";"Boulogne-sur-Mer"
"2600";"Bouvigny-Boyeffles"
"2601";"Brebières"
"2602";"Bruay-la-Buissière"
"2603";"Bully-les-Mines"
"2604";"Burbure"
"2605";"Calais"
"2606";"Calonne-Ricouart"
"2607";"Camblain-Châtelain"
"2608";"Cambrin"
"2609";"Camiers"
"2610";"Carvin"
"2611";"Cauchy-à-la-Tour"
"2612";"Chocques"
"2613";"Clairmarais"
"2614";"Condette"
"2615";"Coquelles"
"2616";"Corbehem"
"2617";"Coulogne"
"2618";"Courcelles-lès-Lens"
"2619";"Courrières"
"2620";"Cucq"
"2621";"Cuinchy"
"2622";"Dainville"
"2623";"Dannes"
"2624";"Divion"
"2625";"Dourges"
"2626";"Douvrin"
"2627";"Drocourt"
"2628";"Drouvin-le-Marais"
"2629";"Echinghen"
"2630";"Ecquedecques"
"2631";"Eleu-dit-Leauwette"
"2632";"Equihen-Plage"
"2633";"Essars"
"2634";"Estevelles"
"2635";"Etaples"
"2636";"Etrun"
"2637";"Evin-Malmaison"
"2638";"Festubert"
"2639";"Feuchy"
"2640";"Fouquereuil"
"2641";"Fouquières-lès-Béthune. Fouquières-lès-Lens"
"2642";"Givenchy-en-Gohelle"
"2643";"Givenchy-lès-la-Bassée"
"2644";"Gonnehem"
"2645";"Gosnay"
"2646";"Grenay"
"2647";"Guînes"
"2648";"Haillicourt"
"2649";"Haisnes"
"2650";"Hallines"
"2651";"Hames-Boucres"
"2652";"Harnes"
"2653";"Hénin-Beaumont"
"2654";"Hersin-Coupigny"
"2655";"Hesdigneul-lès-Béthune"
"2656";"Hinges"
"2657";"Houchin"
"2658";"Houdain"
"2659";"Hulluch"
"2660";"Isques"
"2661";"Labeuvrière"
"2662";"Labourse"
"2663";"Lapugnoy"
"2664";"Le Portel"
"2665";"Le Touquet-Paris-Plage"
"2666";"Leforest"
"2667";"Lens"
"2668";"Libercourt"
"2669";"Liévin"
"2670";"Lillers"
"2671";"Loison-sous-Lens"
"2672";"Longuenesse"
"2673";"Loos-en-Gohelle"
"2674";"Lozinghem"
"2675";"Maisnil-lès-Ruitz"
"2676";"Marck"
"2677";"Marles-les-Mines"
"2678";"Maroeuil"
"2679";"Mazingarbe"
"2680";"Méricourt"
"2681";"Merlirnont"
"2682";"Meurchin"
"2683";"Montigny-en-Gohelle"
"2684";"Nesles"
"2685";"Neufchâtel-Hardelot"
"2686";"Noeux-les-Mines"
"2687";"Noyelles-Godault"
"2688";"Noyelles-lès-Vermelles"
"2689";"Noyelles-sous-Lens"
"2690";"Oblinghem"
"2691";"Oignies"
"2692";"Outreau"
"2693";"Oye-Plage"
"2694";"Pont-à-Vendin"
"2695";"Rang-du-Fliers"
"2696";"Rebreuve-Ranchicourt"
"2697";"Rouvroy"
"2698";"Ruitz"
"2699";"Sailly-Labourse"
"2700";"Sains-en-Gohelle"
"2701";"Sainte-Catherine"
"2702";"Saint-Etienne-au-Mont"
"2703";"Saint-Laurent-Blangy"
"2704";"Saint-Léonard"
"2705";"Saint-Martin-au-Laërt"
"2706";"Saint-Martin-Boulogne"
"2707";"Saint-Nicolas"
"2708";"Saint-Omer"
"2709";"Sallaumines"
"2710";"Salperwick"
"2711";"Sangatte"
"2712";"Serques"
"2713";"Souchez"
"2714";"Tatinghem"
"2715";"Tilloy-lès-Mofflaines"
"2716";"Tilques"
"2717";"Vaudricourt"
"2718";"Vendin-lès-Béthune"
"2719";"Vendin-le-Vieil"
"2720";"Vermelles"
"2721";"Verquin"
"2722";"Verton"
"2723";"Violaines"
"2724";"Vitry-en-Artois"
"2725";"Wimereux"
"2726";"Wimille"
"2727";"Wingles"
"2728";"Wizernes."
"2729";"63 - Puy-de-Dôme"
"2730";"Aubière"
"2731";"Aulnat"
"2732";"Beaumont"
"2733";"Blanzat"
"2734";"Cébazat"
"2735";"Ceyrat"
"2736";"Chamalières"
"2737";"Châteaugay"
"2738";"Clermont-Ferrand"
"2739";"Cournon-d'Auvergne"
"2740";"Durtol"
"2741";"Gerzat"
"2742";"Le Cendre"
"2743";"Lempdes"
"2744";"Nohanent"
"2745";"Romagnat"
"2746";"Royat."
"2747";"64 - Pyrénées-Atlantiques"
"2748";"Ahetze"
"2749";"Angaïs"
"2750";"Anglet"
"2751";"Arbonne"
"2752";"Arcangues"
"2753";"Aressy"
"2754";"Arros-de-Nay"
"2755";"Artiguelouve"
"2756";"Assat"
"2757";"Aussevielle"
"2758";"Baliros"
"2759";"Bassussarry"
"2760";"Baudreix"
"2761";"Bayonne"
"2762";"Bénéjacq"
"2763";"Biarritz"
"2764";"Bidart"
"2765";"Billère"
"2766";"Bizanos"
"2767";"Boeil-Bezing"
"2768";"Bordères"
"2769";"Bordes"
"2770";"Boucau"
"2771";"Bourdettes"
"2772";"Buros"
"2773";"Ciboure"
"2774";"Coarraze"
"2775";"Denguin"
"2776";"Gan"
"2777";"Gelos"
"2778";"Guéthary"
"2779";"Hendaye"
"2780";"Idron-Ousse-Sendets"
"2781";"Igon"
"2782";"Jurançon"
"2783";"Lagos"
"2784";"Lahonce"
"2785";"Laroin"
"2786";"Lée"
"2787";"Lescar"
"2788";"Lons"
"2789";"Maucor"
"2790";"Mazères-Lezons"
"2791";"Meillon"
"2792";"Mirepeix"
"2793";"Montardon"
"2794";"Morlaàs"
"2795";"Mouguerre"
"2796";"Narcastet"
"2797";"Navailles-Angos"
"2798";"Nay"
"2799";"Pardies-Piétat"
"2800";"Pau"
"2801";"Poey-de-Lescar"
"2802";"Rontignon"
"2803";"Saint-Abit"
"2804";"Saint-Jean-de-Luz"
"2805";"Saint-Pierre-d'Irube"
"2806";"Sauvagnon"
"2807";"Serres-Castet"
"2808";"Serres-Morlaàs"
"2809";"Siros"
"2810";"Urcuit"
"2811";"Urrugne"
"2812";"Uzos"
"2813";"Villefranque."
"2814";"65 - Hautes-Pyrénées"
"2815";"Aureilhan"
"2816";"Barbazan-Debat"
"2817";"Bordères-sur-l'Echez"
"2818";"Bours"
"2819";"Chis"
"2820";"Horgues"
"2821";"Laloubère"
"2822";"Momères"
"2823";"Odos"
"2824";"Orleix"
"2825";"Séméac"
"2826";"Soues"
"2827";"Tarbes."
"2828";"66 - Pyrénées-Orientales"
"2829";"Alénya"
"2830";"Argelès-sur-Mer"
"2831";"Bages"
"2832";"Baho"
"2833";"Banyuls-sur-Mer"
"2834";"Bompas"
"2835";"Cabestany"
"2836";"Canet-en-Roussillon"
"2837";"Canohès"
"2838";"Cerbère"
"2839";"Claira"
"2840";"Collioure"
"2841";"Corneilla-del-Vercol"
"2842";"Elne"
"2843";"Latour-Bas-Elne"
"2844";"Le Barcarès"
"2845";"Le Soler"
"2846";"Montescot"
"2847";"Perpignan"
"2848";"Peyrestortes"
"2849";"Pézilla-la-Rivière"
"2850";"Pia"
"2851";"Pollestres"
"2852";"Port-Vendres"
"2853";"Rivesaltes"
"2854";"Saint-Cyprien"
"2855";"Sainte-Marie"
"2856";"Saint-Estève"
"2857";"Saint-Féliu-d'Avall"
"2858";"Saint-Laurent-de-la-Salanque"
"2859";"Saint-Nazaire"
"2860";"Saleilles"
"2861";"Théza"
"2862";"Torreilles"
"2863";"Toulouges"
"2864";"Villelongue-de-la-Salanque"
"2865";"Villeneuve-de-la-Raho"
"2866";"Villeneuve-la-Rivière."
"2867";"67 - Bas-Rhin"
"2868";"Achenheim"
"2869";"Altorf"
"2870";"Avolsheim"
"2871";"Baldenheim"
"2872";"Barr"
"2873";"Bernardswiller"
"2874";"Bernolsheim"
"2875";"Bilwisheim"
"2876";"Bischheim"
"2877";"Bischoffsheim"
"2878";"Bischwiller"
"2879";"Boersch"
"2880";"Brumath"
"2881";"Châtenois"
"2882";"Dachstein"
"2883";"Dahlenheim"
"2884";"Dieffenthal"
"2885";"Dinsheim"
"2886";"Donnenheim"
"2887";"Dorlisheim"
"2888";"Ebersheim"
"2889";"Ebersmunster"
"2890";"Eckbolsheim"
"2891";"Eckwersheim"
"2892";"Entzheim"
"2893";"Eegersheim"
"2894";"Ernolsheim-Bruche"
"2895";"Eschau"
"2896";"Fegersheim"
"2897";"Geispolsheim"
"2898";"Grendelbruch"
"2899";"Gresswiller"
"2900";"Griesheim-près-Molsheim"
"2901";"Haguenau"
"2902";"Hoenheim"
"2903";"Holtzheim"
"2904";"Illkirch-Graffenstaden"
"2905";"Innenheim"
"2906";"Kaltenhouse"
"2907";"Kintzheim"
"2908";"Kirchheim"
"2909";"Krautergersheim"
"2910";"Krautwiller"
"2911";"Kriegsheim"
"2912";"La Vancelle"
"2913";"La Wantzenau"
"2914";"Lampertheim"
"2915";"Lingolsheim"
"2916";"Lipsheim"
"2917";"Marlenheim"
"2918";"Meistratzheim"
"2919";"Mittelhausbergen"
"2920";"Mittelschaeffolsheim"
"2921";"Mollkirch"
"2922";"Molsheim"
"2923";"Mommenheim"
"2924";"Mundolsheim"
"2925";"Mussig"
"2926";"Muttersholtz"
"2927";"Mutzig"
"2928";"Niederhausbergen"
"2929";"Niedernai"
"2930";"Oberhausbergen"
"2931";"Oberhoffen-sur-Moder"
"2932";"Obernai"
"2933";"Oberschaeffolsheim"
"2934";"Odratzheim"
"2935";"Olwisheim"
"2936";"Orschwiller"
"2937";"Ostwald"
"2938";"Ottrott"
"2939";"Plobsheim"
"2940";"Reichstett"
"2941";"Rosenwiller"
"2942";"Rosheim"
"2943";"Rottelsheim"
"2944";"Saint-Nabor"
"2945";"Scharrachbergheim-Irmstett"
"2946";"Scherwiller"
"2947";"Schiltigheim"
"2948";"Schweighouse-sur-Moder"
"2949";"Sélestat"
"2950";"Souffelweyersheim"
"2951";"Soultz-les-Bains"
"2952";"Strasbourg"
"2953";"Vendenheim"
"2954";"Wangen"
"2955";"Wasselonne"
"2956";"Wolfisheim"
"2957";"Wolxheim."
"2958";"68 - Haut-Rhin"
"2959";"Aubure"
"2960";"Baldersheim"
"2961";"Bartenheim"
"2962";"Beblenheim"
"2963";"Bennwihr"
"2964";"Bergheim"
"2965";"Blotzheim"
"2966";"Brunstatt"
"2967";"Buschwiller"
"2968";"Cernay"
"2969";"Colmar"
"2970";"Didenheim"
"2971";"Guémar"
"2972";"Habsheim"
"2973";"Hégenheim"
"2974";"Hésingue"
"2975";"Horbourg-Wihr"
"2976";"Houssen"
"2977";"Hunawihr"
"2978";"Huningue"
"2979";"Illhaeusern"
"2980";"Illzach"
"2981";"Ingersheim"
"2982";"Kaysersberg"
"2983";"Kembs"
"2984";"Kingersheim"
"2985";"Lutterbach"
"2986";"Mittelwihr"
"2987";"Morschwiller-le-Bas"
"2988";"Mulhouse"
"2989";"Ostheim"
"2990";"Pfastatt"
"2991";"Pulversheim"
"2992";"Ribeauvillé"
"2993";"Richwiller"
"2994";"Riedisheim"
"2995";"Riquewihr"
"2996";"Rixheim"
"2997";"Rodern"
"2998";"Rorschwihr"
"2999";"Rosenau"
"3000";"Ruelisheim"
"3001";"Saint-Hippolyte"
"3002";"Saint-Louis"
"3003";"Sausheim"
"3004";"Sierentz"
"3005";"Staffelfelden"
"3006";"Steinbach"
"3007";"Thannenkirch"
"3008";"Turckheim"
"3009";"Uffholtz"
"3010";"Village-Neuf"
"3011";"Wattwiller"
"3012";"Wettolsheim"
"3013";"Wintzenheim"
"3014";"Wittelsheim"
"3015";"Wittenheim"
"3016";"Zellenberg."
"3017";"69 - Rhône"
"3018";"Albigny-sur-Saône"
"3019";"Ambérieux"
"3020";"Anse"
"3021";"Arnas"
"3022";"Belmont-d'Azergues"
"3023";"Brignais"
"3024";"Brindas"
"3025";"Bron"
"3026";"Cailloux-sur-Fontaines"
"3027";"Caluire-et-Cuire"
"3028";"Champagne-au-Mont-d'Or"
"3029";"Chaponost"
"3030";"Charbonnières-les-Bains"
"3031";"Charly"
"3032";"Chasselay"
"3033";"Chassieu"
"3034";"Chazay-d'Azergues"
"3035";"Civrieux-d'Azergues"
"3036";"Collonges-au-Mont-d'Or"
"3037";"Communay"
"3038";"Corbas"
"3039";"Couzon-au-Mont-d'Or"
"3040";"Craponne"
"3041";"Curis-au-Mont-d'Or"
"3042";"Dardilly"
"3043";"Décines-Charpieu"
"3044";"Denicé"
"3045";"Dommartin"
"3046";"Ecully"
"3047";"Feyzin"
"3048";"Fleurieu-sur-Saône"
"3049";"Fontaines-Saint-Martin"
"3050";"Fontaines-sur-Saône"
"3051";"Francheville"
"3052";"Genas"
"3053";"Genay"
"3054";"Givors"
"3055";"Gleizé"
"3056";"Grézieu-la-Varenne"
"3057";"Grigny"
"3058";"Irigny"
"3059";"Jonage"
"3060";"La Mulatière"
"3061";"La Tour-de-Salvagny"
"3062";"Lacenas"
"3063";"Lentilly"
"3064";"Les Chères"
"3065";"Liergues"
"3066";"Limas"
"3067";"Limonest"
"3068";"Lissieu"
"3069";"Loire-sur-Rhône"
"3070";"Lozanne"
"3071";"Lucenay"
"3072";"Lyon"
"3073";"Marcilly-d'Azergues"
"3074";"Marcy-l'Etoile"
"3075";"Meyzieu"
"3076";"Millery"
"3077";"Mions"
"3078";"Montagny"
"3079";"Montanay"
"3080";"Morancé"
"3081";"Neuville-sur-Saône"
"3082";"Orliénas"
"3083";"Oullins"
"3084";"Pierre-Bénite"
"3085";"Poleymieux-au-Mont-d'Or"
"3086";"Pommiers"
"3087";"Quincieux"
"3088";"Rillieux-la-Pape"
"3089";"Rochetaillée-sur-Saône"
"3090";"Saint-Cyr-au-Mont-d'Or"
"3091";"Saint-Didier-au-Mont-d'Or"
"3092";"Sainte-Consorce"
"3093";"Sainte-Foy-lès-Lyon"
"3094";"Saint-Fons"
"3095";"Saint-Genis-Laval"
"3096";"Saint-Genis-les-Ollières"
"3097";"Saint-Germain-au-Mont-d'Or"
"3098";"Saint-Jean-des-Vignes"
"3099";"Saint-Priest"
"3100";"Saint-Romain-au-Mont-d'Or"
"3101";"Saint-Symphorien-d'Ozon"
"3102";"Sathonay-Camp"
"3103";"Sathonay-Village"
"3104";"Sérézin-du-Rhône"
"3105";"Solaize"
"3106";"Tassin-la-Demi-Lune"
"3107";"Ternay"
"3108";"Vaugneray"
"3109";"Vaulx-en-Velin"
"3110";"Vénissieux"
"3111";"Vernaison"
"3112";"Villefranche-sur-Saône"
"3113";"Villeurbanne"
"3114";"Vourles."
"3115";"70 - Haute-Saône"
"3116";"Châlonvillars."
"3117";"71 - Saône-et-Loire"
"3118";"Chalon-sur-Saône"
"3119";"Champforgeuil"
"3120";"Châtenoy-en-Bresse"
"3121";"Châtenoy-le-Royal"
"3122";"Crissey"
"3123";"Fragnes"
"3124";"La Loyère"
"3125";"Lux"
"3126";"Oslon"
"3127";"Saint-Marcel"
"3128";"Saint-Rémy."
"3129";"72 - Sarthe"
"3130";"Aigné"
"3131";"Allonnes"
"3132";"Arnage"
"3133";"Changé"
"3134";"Coulaines"
"3135";"La Chapelle-Saint-Aubin"
"3136";"La Milesse"
"3137";"Le Mans"
"3138";"Ruaudin"
"3139";"Saint-Pavace"
"3140";"Sargé-lès-le-Mans"
"3141";"Yvré-l'Evêque."
"3142";"73 - Savoie"
"3143";"Barberaz"
"3144";"Barby"
"3145";"Bassens"
"3146";"Challes-les-Eaux"
"3147";"Chambéry"
"3148";"Chignin"
"3149";"Cognin"
"3150";"Jacob-Bellecombette"
"3151";"La Motte-Servolex"
"3152";"La Ravoire"
"3153";"Montagnole"
"3154";"Saint-Alban-Leysse"
"3155";"Saint-Baldoph"
"3156";"Saint-Jean-d'Arvey"
"3157";"Saint-Jeoire-Prieuré"
"3158";"Sonnaz"
"3159";"Vimines"
"3160";"Voglans."
"3161";"74 - Haute-Savoie"
"3162";"Alby-sur-Chéran"
"3163";"Alex"
"3164";"Allèves"
"3165";"Annecy"
"3166";"Annecy-le-Vieux"
"3167";"Arenthon"
"3168";"Armoy"
"3169";"Argonay"
"3170";"Aviernoz"
"3171";"Ayse"
"3172";"Ballaison"
"3173";"Bernex"
"3174";"Bluffy"
"3175";"Boëge"
"3176";"Bogève"
"3177";"Bonneville"
"3178";"Bons-en-Chablais"
"3179";"Brenthonne"
"3180";"Brizon"
"3181";"Burdignin"
"3182";"Cervens"
"3183";"Chainaz-les-Frasses"
"3184";"Chamonix-Mont-Blanc"
"3185";"Champanges"
"3186";"Chapeiry"
"3187";"Charvonnex"
"3188";"Châtillon-sur-Cluses"
"3189";"Chaumont"
"3190";"Chavannaz"
"3191";"Chavanod"
"3192";"Chevenoz"
"3193";"Chilly"
"3194";"Choisy"
"3195";"Clarafond"
"3196";"Cluses"
"3197";"Combloux"
"3198";"Contamine-Sarzin"
"3199";"Cordon"
"3200";"Cornier"
"3201";"Cran-Gevrier"
"3202";"Cusy"
"3203";"Demi-Quartier"
"3204";"Dingy-Saint-Clair"
"3205";"Domancy"
"3206";"Doussard"
"3207";"Duingt"
"3208";"Eloise"
"3209";"Entrevernes"
"3210";"Epagny"
"3211";"Etercy"
"3212";"Evires"
"3213";"Faucigny"
"3214";"Fessy"
"3215";"Féternes"
"3216";"Groisy"
"3217";"Gruffy"
"3218";"Habère-Lullin"
"3219";"Habère-Poche"
"3220";"Hauteville-sur-Fier"
"3221";"Héry-sur-Alby"
"3222";"La Balme-de-Sillingy"
"3223";"La Chapelle-Rambaud"
"3224";"La Chapelle-Saint-Maurice"
"3225";"La Forclaz"
"3226";"La Rivière-Enverse"
"3227";"La Tour"
"3228";"La Vernaz"
"3229";"Larringes"
"3230";"Lathuile"
"3231";"Le Reposoir"
"3232";"Les Houches"
"3233";"Les Ollières"
"3234";"Leschaux"
"3235";"Lovagny"
"3236";"Lully"
"3237";"Lyaud"
"3238";"Marcellaz-Albanais"
"3239";"Marignier"
"3240";"Marlioz"
"3241";"Marnaz"
"3242";"Megève"
"3243";"Mégevette"
"3244";"Meillerie"
"3245";"Menthonnex-sous-Clermont"
"3246";"Menthon-Saint-Bernard"
"3247";"Mésigny"
"3248";"Metz-Tessy"
"3249";"Meythet"
"3250";"Minzier"
"3251";"Montagny-les-Lanches"
"3252";"Montmin"
"3253";"Mont-Saxonnex"
"3254";"Mûres"
"3255";"Nancy-sur-Cluses"
"3256";"Nâves-Parmelan"
"3257";"Nonglard"
"3258";"Orcier"
"3259";"Passy"
"3260";"Peillonnex"
"3261";"Perrignier"
"3262";"Poisy"
"3263";"Praz-sur-Arly"
"3264";"Pringy"
"3265";"Quintal"
"3266";"Reyvroz"
"3267";"Saint-André-de-Boëge"
"3268";"Saint-Eusèbe"
"3269";"Saint-Eustache"
"3270";"Saint-Félix"
"3271";"Saint-Gervais-les-Bains"
"3272";"Saint-Gingolph"
"3273";"Saint-Jean-de-Tholome"
"3274";"Saint-Jorioz"
"3275";"Saint-Martin-Bellevue"
"3276";"Saint-Paul-en-Chablais"
"3277";"Saint-Pierre-en-Faucigny"
"3278";"Saint-Sigismond"
"3279";"Saint-Sylvestre"
"3280";"Sallanches"
"3281";"Sallenôves"
"3282";"Saxel"
"3283";"Scionzier"
"3284";"Servoz"
"3285";"Sévrier"
"3286";"Seynod"
"3287";"Sillingy"
"3288";"Talloires"
"3289";"Thollon-les-Mémises"
"3290";"Thorens-Glières"
"3291";"Thusy"
"3292";"Thyez"
"3293";"Vacheresse"
"3294";"Vailly"
"3295";"Vaulx"
"3296";"Verrier-du-Lac"
"3297";"Villard"
"3298";"Villaz"
"3299";"Ville-en-Sallaz"
"3300";"Vinzier"
"3301";"Viuz-en-Sallaz"
"3302";"Viuz-la-Chiésaz"
"3303";"Vougy."
"3304";"76 - Seine-Maritime"
"3305";"Amfreville-la-Mi-Voie"
"3306";"Belbeuf"
"3307";"Bihorel"
"3308";"Bois-Guillaume"
"3309";"Bonsecours"
"3310";"Boos"
"3311";"Canteleu"
"3312";"Caudebec-lès-Elbeuf"
"3313";"Cléon"
"3314";"Darnétal"
"3315";"Déville-lès-Rouen"
"3316";"Elbeuf"
"3317";"Epouville"
"3318";"Fontaine-la-Mallet"
"3319";"Fontaine-sous-Préaux"
"3320";"Fontenay"
"3321";"Franqueville-Saint-Pierre"
"3322";"Freneuse"
"3323";"Gainneville"
"3324";"Gonfreville-l'Orcher"
"3325";"Gouy"
"3326";"Grand-Couronne"
"3327";"Harfleur"
"3328";"La Londe"
"3329";"La Vaupalière"
"3330";"Le Grand-Quevilly"
"3331";"Le Havre"
"3332";"Le Houlme"
"3333";"Le Mesnil-Esnard"
"3334";"Le Petit-Quevilly"
"3335";"Les Authieux-sur-le-Port-Saint-Ouen"
"3336";"Malaunay"
"3337";"Manéglise"
"3338";"Maromme"
"3339";"Montivilliers"
"3340";"Mont-Saint-Aignan"
"3341";"Montville"
"3342";"Moulineaux"
"3343";"Notre-Dame-de-Bondeville"
"3344";"Notre-Dame-du-Bec"
"3345";"Oissel"
"3346";"Orival"
"3347";"Petit-Couronne"
"3348";"Quévreville-la-Poterie"
"3349";"Rolleville"
"3350";"Rouen"
"3351";"Saint-Aubin-Celloville"
"3352";"Saint-Aubin-lès-Elbeuf"
"3353";"Sainte-Adresse"
"3354";"Saint-Etienne-du-Rouvray"
"3355";"Saint-Laurent-de-Brèvedent"
"3356";"Saint-Léger-du-Bourg-Denis"
"3357";"Saint-Martin-du-Manoir"
"3358";"Saint-Martin-du-Vivier"
"3359";"Saint-Pierre-lès-Elbeuf"
"3360";"Sotteville-lès-Rouen"
"3361";"Sotteville-sous-le-Val"
"3362";"Tourville-la-Rivière"
"3363";"Val-de-la-Haye"
"3364";"Ymare."
"3365";"77 - Seine-et-Marne"
"3366";"L'ensemble des communes du département"
"3367";"hors communes en zone A."
"3368";"78 - Yvelines"
"3369";"L'ensemble des communes du département"
"3370";"hors communes en zone A."
"3371";"79 - Deux-Sèvres"
"3372";"Aiffres"
"3373";"Chauray"
"3374";"Niort."
"3375";"80 - Somme"
"3376";"Amiens"
"3377";"Cagny"
"3378";"Camon"
"3379";"Dreuil-lès-Amiens"
"3380";"Dury"
"3381";"Longueau"
"3382";"Pont-de-Metz"
"3383";"Rivery"
"3384";"Saleux"
"3385";"Salouël."
"3386";"81 - Tarn"
"3387";"Albi"
"3388";"Arthès"
"3389";"Burlats"
"3390";"Cambon"
"3391";"Cambounet-sur-le-Sor"
"3392";"Castres"
"3393";"Cunac"
"3394";"Le Sequestre"
"3395";"Lescure-d'Albigeois"
"3396";"Puygouzon"
"3397";"Roquecourbe"
"3398";"Saint-Juéry"
"3399";"Saïx"
"3400";"Terssac"
"3401";"Viviers-lès-Montagnes."
"3402";"82 - Tarn-et-Garonne"
"3403";"Lacourt-Saint-Pierre"
"3404";"Montauban"
"3405";"Montbeton"
"3406";"Saint-Nauphary"
"3407";"Villemade."
"3408";"83 - Var"
"3409";"Bagnols-en-Forêt"
"3410";"Bandol"
"3411";"Belgentier"
"3412";"Carqueiranne"
"3413";"Collobrières"
"3414";"Cuers"
"3415";"Evenos"
"3416";"La Cadière-d'Azur"
"3417";"La Crau"
"3418";"La Farlède"
"3419";"La Garde"
"3420";"La Seyne-sur-Mer"
"3421";"La Valette-du-Var"
"3422";"Le Beausset"
"3423";"Le Cannet-des-Maures"
"3424";"Le Castellet"
"3425";"Le Muy"
"3426";"Le Pradet"
"3427";"Le Revest-les-Eaux"
"3428";"Les Adrets-de-l'Estérel"
"3429";"Les Mayons"
"3430";"Montauroux"
"3431";"Néoules"
"3432";"Ollioules"
"3433";"Pierrefeu-du-Var"
"3434";"Rocbaron"
"3435";"Saint-Cyr-sur-Mer"
"3436";"Saint-Mandrier-sur-Mer"
"3437";"Saint-Zacharie"
"3438";"Sanary-sur-Mer"
"3439";"Six-Fours-les-Plages"
"3440";"Solliès-Pont"
"3441";"Solliès-Toucas"
"3442";"Solliès-Ville"
"3443";"Tanneron"
"3444";"Toulon"
"3445";"Vidauban."
"3446";"84 - Vaucluse"
"3447";"Althen-des-Paluds"
"3448";"Aubignan"
"3449";"Avignon"
"3450";"Bédarrides"
"3451";"Carpentras"
"3452";"Entraigues-sur-la-Sorgue"
"3453";"Jonquerettes"
"3454";"Le Pontet"
"3455";"Loriol-du-Comtat"
"3456";"Monteux"
"3457";"Morières-lès-Avignon"
"3458";"Pernes-les-Fontaines"
"3459";"Saint-Saturnin-lès-Avignon"
"3460";"Sarrians"
"3461";"Sorgues"
"3462";"Vedène."
"3463";"85 - Vendée"
"3464";"Barbâtre"
"3465";"la Guérinière"
"3466";"l'Epine"
"3467";"l'Ile-d'Yeu"
"3468";"Noirmoutier-en-l'Ile."
"3469";"86 - Vienne"
"3470";"Biard"
"3471";"Buxerolles"
"3472";"Chasseneuil-du-Poitou"
"3473";"Jaunay-Clan"
"3474";"Mignaloux-Beauvoir"
"3475";"Migné-Auxances"
"3476";"Poitiers"
"3477";"Saint-Benoît."
"3478";"87 - Haute-Vienne"
"3479";"Condat-sur-Vienne"
"3480";"Couzeix"
"3481";"Feytiat"
"3482";"Isle"
"3483";"le Palais-sur-Vienne"
"3484";"Limoges"
"3485";"Panazol."
"3486";"88 - Vosges"
"3487";"Chantraine"
"3488";"Chavelot"
"3489";"Dinozé"
"3490";"Dogneville"
"3491";"Epinal"
"3492";"Girmont"
"3493";"Golbey"
"3494";"Igney"
"3495";"Jeuxey"
"3496";"Les Forges"
"3497";"Thaon-les-Vosges."
"3498";"90 - Territoire de Belfort"
"3499";"Andelnans"
"3500";"Argiésans"
"3501";"Bavilliers"
"3502";"Belfort"
"3503";"Botans"
"3504";"Chaux"
"3505";"Cravanche"
"3506";"Danjoutin"
"3507";"Eloie"
"3508";"Essert"
"3509";"Evette-Salbert"
"3510";"Lachapelle-sous-Chaux"
"3511";"Offemont"
"3512";"Pérouse"
"3513";"Sermamagny"
"3514";"Valdoie"
"3515";"Vétrigne."
"3516";"91 - Essonne"
"3517";"L'ensemble des communes du département"
"3518";"hors communes en zone A."
"3519";"95 - Val-d'Oise"
"3520";"L'ensemble des communes du département"
"3521";"hors communes en zone A."
"3522";"971 - Guadeloupe"
"3523";"L'ensemble des communes du département."
"3524";"972 - Martinique"
"3525";"L'ensemble des communes du département."
"3526";"973 - Guyane"
"3527";"L'ensemble des communes du département."
"3528";"974 - Réunion"
"3529";"L'ensemble des communes du département."
"3530";"Zone C"
"3531";"Le reste du territoire national."
